Workbook
Name _ftn1: params!$AC$40
Name _ftn2: params!$AC$41
Name _ftnref1: params!$AG$15
Name _ftnref2: params!$AE$19
Name CC_options: [1]parameters!$B$119:$B$128
Name End_year: '[1]setup & summary'!$B$4
Name fNRB: params!$D$40
Name Intervention1_end: '[1]setup & summary'!$E$4
Name Intervention1_start: '[1]setup & summary'!$E$3
Name Intervention2_end: '[1]setup & summary'!$F$4
Name Intervention2_start: '[1]setup & summary'!$F$3
Name Intervention3_end: '[1]setup & summary'!$G$4
Name Intervention3_start: '[1]setup & summary'!$G$3
Name List_years: #REF!
Name rural_hh: [1]parameters!$Z$2
Name start_year: '[1]setup & summary'!$B$3
Name UGX_USD: [1]parameters!$L$118
Name UGX_USD: params!$AC$2
Name urban_hh: [1]parameters!$Z$3

Sheet Read Me
A1: This is a prototype tool for simulating and tracking fuel consumption and emissions associated with household fuel choice trajectories.
A3: Worksheet
A4: Summary | B4: This sheet summarises outputs for select years.
A5: BAU_Scenario | B5: This sheet shows the percentages and number of households cooking with each primary fuel/stove combination. Data in 2020, 2021 and 2024 are based on actual data points from recent national survey (see "params" worksheet. Data for 2050 are from WHO. Other years are linear extrapolations.
A6: BAU_Fuel_cons | B6: This sheet shows fuel consumption, which is derived by multiplying the data from the "BAU_scenario" worksheet by fuel consumption per household, which is listed in the "params" worksheet.
A7: BAU_emissions | B7: This sheet shows emissions of GHGs and SLCPs, which are derived by multiplying the data from the "BAU_Fuel_cons" worksheet by fuel-specific emission factors, which are listed in the "efs" worksheet. It also accounts for fNRB, which is taken from the latest MoFuSS analysis, and is also listed on the "params" sheet.
A8: NICCS_scenario | B8: This sheet shows the percentages and number of households cooking with each primary fuel/stove combination and meeting NICCS 2040 targets. Data match BAU through 2025. Total population matches BAU.
A9: NICCS_Fuel_cons | B9: This sheet shows fuel consumption, which is derived by multiplying the data from the "NICCS_scenario" worksheet by fuel consumption per household, which is listed in the "params" worksheet.
A10: NICCS_emissions | B10: This sheet shows emissions of GHGs and SLCPs, which are derived by multiplying the data from the "NICCS_Fuel_cons" worksheet by fuel-specific emission factors, which are listed in the "efs" worksheet. It also accounts for fNRB, which is taken from the latest MoFuSS analysis, and is also listed on the "params" sheet. We assume fNRB doesn't change, though it would likely be lower from reduced woodfuel demand.
A11: Cost_diff | B11: This sheet shows the cost differential between the two trajectories.
A12: Population | B12: This sheet shows population projections from WHO and household size data from DHS and UBOS. The projections in the BAU_scenario and NICCS_scenario worksheets use WHO projections and DHS and UBOS household sizes to estimate no. of rural and urban households through 2050.
A13: params | B13: This sheet lists key input parameters including fuel choice data from UBOS surveys, tax rates, fuel consumption per capita, fuel unit costs, and calorific values.
A14: efs | B14: This sheet shows fuel and stove-specific emission factors used to estimate emissions.

Sheet Summary
A1: No. of fuel users | C1: 2030 | E1: 2040 | I1: BAU
C2: BAU | E2: BAU
A3: overall | B3: fuelwood | C3: =_xlfn.XLOOKUP(C$1,BAU_Scenario!$N$1:$AS$1,BAU_Scenario!$N2:$AS2,0) -> 16.659931 | E3: =_xlfn.XLOOKUP(E$1,BAU_Scenario!$N$1:$AS$1,BAU_Scenario!$N2:$AS2,0) -> 13.480129
A4: overall | B4: charcoal | C4: =_xlfn.XLOOKUP(C$1,BAU_Scenario!$N$1:$AS$1,BAU_Scenario!$N3:$AS3,0) -> 19.130147 | E4: =_xlfn.XLOOKUP(E$1,BAU_Scenario!$N$1:$AS$1,BAU_Scenario!$N3:$AS3,0) -> 32.459671
A5: overall | B5: Imp_fuelwood | C5: =_xlfn.XLOOKUP(C$1,BAU_Scenario!$N$1:$AS$1,BAU_Scenario!$N4:$AS4,0) -> 0.44835392 | E5: =_xlfn.XLOOKUP(E$1,BAU_Scenario!$N$1:$AS$1,BAU_Scenario!$N4:$AS4,0) -> 1.0060545
A6: overall | B6: Imp_charcoal | C6: =_xlfn.XLOOKUP(C$1,BAU_Scenario!$N$1:$AS$1,BAU_Scenario!$N5:$AS5,0) -> 0.14945131 | E6: =_xlfn.XLOOKUP(E$1,BAU_Scenario!$N$1:$AS$1,BAU_Scenario!$N5:$AS5,0) -> 0.3353515
A7: overall | B7: Gas | C7: =_xlfn.XLOOKUP(C$1,BAU_Scenario!$N$1:$AS$1,BAU_Scenario!$N6:$AS6,0) -> 0.076179559 | E7: =_xlfn.XLOOKUP(E$1,BAU_Scenario!$N$1:$AS$1,BAU_Scenario!$N6:$AS6,0) -> 0.053954537
A8: overall | B8: kerosene | C8: =_xlfn.XLOOKUP(C$1,BAU_Scenario!$N$1:$AS$1,BAU_Scenario!$N7:$AS7,0) -> 0 | E8: =_xlfn.XLOOKUP(E$1,BAU_Scenario!$N$1:$AS$1,BAU_Scenario!$N7:$AS7,0) -> 0
A9: overall | B9: electric | C9: =_xlfn.XLOOKUP(C$1,BAU_Scenario!$N$1:$AS$1,BAU_Scenario!$N8:$AS8,0) -> 0.79918953 | E9: =_xlfn.XLOOKUP(E$1,BAU_Scenario!$N$1:$AS$1,BAU_Scenario!$N8:$AS8,0) -> 0.56489882
A10: overall | B10: pellets | C10: =_xlfn.XLOOKUP(C$1,BAU_Scenario!$N$1:$AS$1,BAU_Scenario!$N9:$AS9,0) -> 0 | E10: =_xlfn.XLOOKUP(E$1,BAU_Scenario!$N$1:$AS$1,BAU_Scenario!$N9:$AS9,0) -> 0
A11: overall | B11: ethanol | C11: =_xlfn.XLOOKUP(C$1,BAU_Scenario!$N$1:$AS$1,BAU_Scenario!$N10:$AS10,0) -> 0 | E11: =_xlfn.XLOOKUP(E$1,BAU_Scenario!$N$1:$AS$1,BAU_Scenario!$N10:$AS10,0) -> 0
A12: overall | B12: biogas | C12: =_xlfn.XLOOKUP(C$1,BAU_Scenario!$N$1:$AS$1,BAU_Scenario!$N11:$AS11,0) -> 0 | E12: =_xlfn.XLOOKUP(E$1,BAU_Scenario!$N$1:$AS$1,BAU_Scenario!$N11:$AS11,0) -> 0
A13: overall | B13: other | C13: =_xlfn.XLOOKUP(C$1,BAU_Scenario!$N$1:$AS$1,BAU_Scenario!$N12:$AS12,0) -> 0.10929426 | E13: =_xlfn.XLOOKUP(E$1,BAU_Scenario!$N$1:$AS$1,BAU_Scenario!$N12:$AS12,0) -> 0.065045042
A14: rural | B14: fuelwood | C14: =_xlfn.XLOOKUP(C$1,BAU_Scenario!$N$1:$AS$1,BAU_Scenario!$N13:$AS13,0) -> 14.408239 | E14: =_xlfn.XLOOKUP(E$1,BAU_Scenario!$N$1:$AS$1,BAU_Scenario!$N13:$AS13,0) -> 11.878574
... A35: urban | B35: other | C35: =_xlfn.XLOOKUP(C$1,BAU_Scenario!$N$1:$AS$1,BAU_Scenario!$N34:$AS34,0) -> 0 | E35: =_xlfn.XLOOKUP(E$1,BAU_Scenario!$N$1:$AS$1,BAU_Scenario!$N34:$AS34,0) -> 0
B36: Woodfuel total | C36: =SUM(C3:C6) -> 36.387884 | E36: =SUM(E3:E6) -> 47.281207
A37: clean | B37: overall | C37: =SUM(C5:C7,C9:C12)/SUM(C3:C13) -> 0.039418622 | E37: =SUM(E5:E7,E9:E12)/SUM(E3:E13) -> 0.040868447
B38: rural | C38: =SUM(C16:C18,C20:C23)/SUM(C14:C24) -> 0.0015472441 | E38: =SUM(E16:E18,E20:E23)/SUM(E14:E24) -> 0.00077646763
B39: urban | C39: =SUM(C27:C29,C31:C34)/SUM(C25:C35) -> 0.087838594 | E39: =SUM(E27:E29,E31:E34)/SUM(E25:E35) -> 0.084038773
A40: Energy consumption (PJ) | C40: BAU | E40: BAU
A41: overall | B41: fuelwood | C41: =BAU_Fuel_cons!Y40 -> 0 | E41: =BAU_Fuel_cons!AI40 -> 0
A42: overall | B42: charcoal | C42: =BAU_Fuel_cons!Y41 -> 0 | E42: =BAU_Fuel_cons!AI41 -> 0
A43: overall | B43: Imp_fuelwood | C43: =BAU_Fuel_cons!Y42 -> 0 | E43: =BAU_Fuel_cons!AI42 -> 0
A44: overall | B44: Imp_charcoal | C44: =BAU_Fuel_cons!Y43 -> 0 | E44: =BAU_Fuel_cons!AI43 -> 0
A45: overall | B45: Gas | C45: =BAU_Fuel_cons!Y44 -> 0 | E45: =BAU_Fuel_cons!AI44 -> 0
A46: overall | B46: kerosene | C46: =BAU_Fuel_cons!Y45 -> 0 | E46: =BAU_Fuel_cons!AI45 -> 0
A47: overall | B47: electric | C47: =BAU_Fuel_cons!Y46 -> 0 | E47: =BAU_Fuel_cons!AI46 -> 0
A48: overall | B48: pellets | C48: =BAU_Fuel_cons!Y47 -> 0 | E48: =BAU_Fuel_cons!AI47 -> 0
A49: overall | B49: ethanol | C49: =BAU_Fuel_cons!Y48 -> 0 | E49: =BAU_Fuel_cons!AI48 -> 0
A50: overall | B50: biogas | C50: =BAU_Fuel_cons!Y49 -> 0 | E50: =BAU_Fuel_cons!AI49 -> 0
A51: overall | B51: other | C51: =BAU_Fuel_cons!Y50 -> 0 | E51: =BAU_Fuel_cons!AI50 -> 0
A52: rural | B52: fuelwood | C52: =BAU_Fuel_cons!Y51 -> 0 | E52: =BAU_Fuel_cons!AI51 -> 0
... A73: urban | B73: other | C73: =BAU_Fuel_cons!Y72 -> 0 | E73: =BAU_Fuel_cons!AI72 -> 0
B74: Woodfuel total | C74: =SUM(C41:C44) -> 0 | E74: =SUM(E41:E44) -> 0
A75: clean | B75: overall | C75: =SUM(C41:C51) -> 0 | E75: =SUM(E41:E51) -> 0
B76: rural | C76: =SUM(C52:C62) -> 0 | E76: =SUM(E52:E62) -> 0
B77: urban | C77: =SUM(C63:C73) -> 0 | E77: =SUM(E63:E73) -> 0
A78: Emissions (CO2e) | C78: BAU | E78: BAU
A79: overall | B79: fuelwood | C79: =BAU_emissions!P2 -> 7947.7629 | E79: =BAU_emissions!Z2 -> 6430.8112
A80: overall | B80: charcoal | C80: =BAU_emissions!P3 -> 12446.056 | E80: =BAU_emissions!Z3 -> 21118.232
A81: overall | B81: Imp_fuelwood | C81: =BAU_emissions!P4 -> 126.45124 | E81: =BAU_emissions!Z4 -> 283.74202
A82: overall | B82: Imp_charcoal | C82: =BAU_emissions!P5 -> 64.82192 | E82: =BAU_emissions!Z5 -> 145.45292
A83: overall | B83: Gas | C83: =BAU_emissions!P6 -> 11.291329 | E83: =BAU_emissions!Z6 -> 7.9971379
A84: overall | B84: kerosene | C84: =BAU_emissions!P7 -> 0 | E84: =BAU_emissions!Z7 -> 0
A85: overall | B85: electric | C85: =BAU_emissions!P8 -> 69.542438 | E85: =BAU_emissions!Z8 -> 49.15535
A86: overall | B86: pellets | C86: =BAU_emissions!P9 -> 0 | E86: =BAU_emissions!Z9 -> 0
A87: overall | B87: ethanol | C87: =BAU_emissions!P10 -> 0 | E87: =BAU_emissions!Z10 -> 0
A88: overall | B88: biogas | C88: =BAU_emissions!P11 -> 0 | E88: =BAU_emissions!Z11 -> 0
A89: overall | B89: other | C89: =BAU_emissions!P12 -> 0 | E89: =BAU_emissions!Z12 -> 0
A90: rural | B90: fuelwood | C90: =BAU_emissions!P13 -> 6873.5738 | E90: =BAU_emissions!Z13 -> 5666.7756
... A111: urban | B111: other | C111: =BAU_emissions!P34 -> 0 | E111: =BAU_emissions!Z34 -> 0
B112: Woodfuel total | C112: =SUM(C79:C82) -> 20585.092 | E112: =SUM(E79:E82) -> 27978.238
A113: clean | B113: overall | C113: =SUM(C79:C89) -> 20665.926 | E113: =SUM(E79:E89) -> 28035.39
B114: rural | C114: =SUM(C90:C100) -> 11053.74 | E114: =SUM(E90:E100) -> 14065.353
B115: urban | C115: =SUM(C101:C111) -> 9612.186 | E115: =SUM(E101:E111) -> 13970.037
A116: Emissions (BC) | C116: BAU | E116: BAU
A117: overall | B117: fuelwood | C117: =BAU_emissions!P40 -> 14.964285 | E117: =BAU_emissions!Z40 -> 12.108123
A118: overall | B118: charcoal | C118: =BAU_emissions!P41 -> 13.00616 | E118: =BAU_emissions!Z41 -> 22.068606
A119: overall | B119: Imp_fuelwood | C119: =BAU_emissions!P42 -> 0.23808618 | E119: =BAU_emissions!Z42 -> 0.53423794
A120: overall | B120: Imp_charcoal | C120: =BAU_emissions!P43 -> 0.067739071 | E120: =BAU_emissions!Z43 -> 0.15199867
A121: overall | B121: Gas | C121: =BAU_emissions!P44 -> 9.5094943e-05 | E121: =BAU_emissions!Z44 -> 6.7351449e-05
A122: overall | B122: kerosene | C122: =BAU_emissions!P45 -> 0 | E122: =BAU_emissions!Z45 -> 0
A123: overall | B123: electric | C123: =BAU_emissions!P46 -> 0 | E123: =BAU_emissions!Z46 -> 0
A124: overall | B124: pellets | C124: =BAU_emissions!P47 -> 0 | E124: =BAU_emissions!Z47 -> 0
A125: overall | B125: ethanol | C125: =BAU_emissions!P48 -> 0 | E125: =BAU_emissions!Z48 -> 0
A126: overall | B126: biogas | C126: =BAU_emissions!P49 -> 0 | E126: =BAU_emissions!Z49 -> 0
A127: overall | B127: other | C127: =BAU_emissions!P50 -> 0 | E127: =BAU_emissions!Z50 -> 0
A128: rural | B128: fuelwood | C128: =BAU_emissions!P51 -> 12.94177 | E128: =BAU_emissions!Z51 -> 10.669574
... A149: urban | B149: other | C149: =BAU_emissions!P72 -> 0 | E149: =BAU_emissions!Z72 -> 0
B150: Woodfuel total | C150: =SUM(C117:C120) -> 28.276271 | E150: =SUM(E117:E120) -> 34.862966
A151: clean | B151: overall | C151: =SUM(C117:C127) -> 28.276366 | E151: =SUM(E117:E127) -> 34.863033
B152: rural | C152: =SUM(C128:C138) -> 17.30698 | E152: =SUM(E128:E138) -> 19.44428
B153: urban | C153: =SUM(C139:C149) -> 10.969386 | E153: =SUM(E139:E149) -> 15.418754
A154: Emissions (CH4) | C154: BAU | E154: BAU
A155: overall | B155: fuelwood | C155: =_xlfn.XLOOKUP(C$1,BAU_emissions!$E$1:$AJ$1,BAU_emissions!$E78:$AJ78,0) -> 2428.146 | E155: =_xlfn.XLOOKUP(E$1,BAU_emissions!$E$1:$AJ$1,BAU_emissions!$E78:$AJ78,0) -> 1964.6973
A156: overall | B156: charcoal | C156: =_xlfn.XLOOKUP(C$1,BAU_emissions!$E$1:$AJ$1,BAU_emissions!$E79:$AJ79,0) -> 5552.4115 | E156: =_xlfn.XLOOKUP(E$1,BAU_emissions!$E$1:$AJ$1,BAU_emissions!$E79:$AJ79,0) -> 9421.2268
A157: overall | B157: Imp_fuelwood | C157: =_xlfn.XLOOKUP(C$1,BAU_emissions!$E$1:$AJ$1,BAU_emissions!$E80:$AJ80,0) -> 38.632517 | E157: =_xlfn.XLOOKUP(E$1,BAU_emissions!$E$1:$AJ$1,BAU_emissions!$E80:$AJ80,0) -> 86.686916
A158: overall | B158: Imp_charcoal | C158: =_xlfn.XLOOKUP(C$1,BAU_emissions!$E$1:$AJ$1,BAU_emissions!$E81:$AJ81,0) -> 28.918236 | E158: =_xlfn.XLOOKUP(E$1,BAU_emissions!$E$1:$AJ$1,BAU_emissions!$E81:$AJ81,0) -> 64.889188
A159: overall | B159: Gas | C159: =_xlfn.XLOOKUP(C$1,BAU_emissions!$E$1:$AJ$1,BAU_emissions!$E82:$AJ82,0) -> 0.47365433 | E159: =_xlfn.XLOOKUP(E$1,BAU_emissions!$E$1:$AJ$1,BAU_emissions!$E82:$AJ82,0) -> 0.33546795
A160: overall | B160: kerosene | C160: =_xlfn.XLOOKUP(C$1,BAU_emissions!$E$1:$AJ$1,BAU_emissions!$E83:$AJ83,0) -> 0 | E160: =_xlfn.XLOOKUP(E$1,BAU_emissions!$E$1:$AJ$1,BAU_emissions!$E83:$AJ83,0) -> 0
A161: overall | B161: electric | C161: =_xlfn.XLOOKUP(C$1,BAU_emissions!$E$1:$AJ$1,BAU_emissions!$E84:$AJ84,0) -> 0 | E161: =_xlfn.XLOOKUP(E$1,BAU_emissions!$E$1:$AJ$1,BAU_emissions!$E84:$AJ84,0) -> 0
A162: overall | B162: pellets | C162: =_xlfn.XLOOKUP(C$1,BAU_emissions!$E$1:$AJ$1,BAU_emissions!$E85:$AJ85,0) -> 0 | E162: =_xlfn.XLOOKUP(E$1,BAU_emissions!$E$1:$AJ$1,BAU_emissions!$E85:$AJ85,0) -> 0
A163: overall | B163: ethanol | C163: =_xlfn.XLOOKUP(C$1,BAU_emissions!$E$1:$AJ$1,BAU_emissions!$E86:$AJ86,0) -> 0 | E163: =_xlfn.XLOOKUP(E$1,BAU_emissions!$E$1:$AJ$1,BAU_emissions!$E86:$AJ86,0) -> 0
A164: overall | B164: biogas | C164: =_xlfn.XLOOKUP(C$1,BAU_emissions!$E$1:$AJ$1,BAU_emissions!$E87:$AJ87,0) -> 0 | E164: =_xlfn.XLOOKUP(E$1,BAU_emissions!$E$1:$AJ$1,BAU_emissions!$E87:$AJ87,0) -> 0
A165: overall | B165: other | C165: =_xlfn.XLOOKUP(C$1,BAU_emissions!$E$1:$AJ$1,BAU_emissions!$E88:$AJ88,0) -> 0 | E165: =_xlfn.XLOOKUP(E$1,BAU_emissions!$E$1:$AJ$1,BAU_emissions!$E88:$AJ88,0) -> 0
A166: rural | B166: fuelwood | C166: =_xlfn.XLOOKUP(C$1,BAU_emissions!$E$1:$AJ$1,BAU_emissions!$E89:$AJ89,0) -> 2099.9671 | E166: =_xlfn.XLOOKUP(E$1,BAU_emissions!$E$1:$AJ$1,BAU_emissions!$E89:$AJ89,0) -> 1731.2744
... A187: urban | B187: other | C187: =_xlfn.XLOOKUP(C$1,BAU_emissions!$E$1:$AJ$1,BAU_emissions!$E110:$AJ110,0) -> 0 | E187: =_xlfn.XLOOKUP(E$1,BAU_emissions!$E$1:$AJ$1,BAU_emissions!$E110:$AJ110,0) -> 0
B188: Woodfuel total | C188: =SUM(C155:C158) -> 8048.1083 | E188: =SUM(E155:E158) -> 11537.5
A189: clean | B189: overall | C189: =SUM(C155:C165) -> 8048.582 | E189: =SUM(E155:E165) -> 11537.836
B190: rural | C190: =SUM(C166:C176) -> 3963.5138 | E190: =SUM(E166:E176) -> 5477.258
B191: urban | C191: =SUM(C177:C187) -> 4085.0682 | E191: =SUM(E177:E187) -> 6060.5777

Sheet EED_BAU_KNBS-pop
A1: FROM EED | B1: Fuel | C1: Scenario | D1: unit | E1: 2019 | F1: 2020 | G1: 2021 | H1: 2022 | I1: 2023 | J1: 2024 | K1: 2025 | L1: 2026 | M1: 2027 | N1: 2028 | O1: 2029 | P1: 2030 | Q1: 2031 | R1: 2032 | S1: 2033 | T1: 2034 | U1: 2035 | V1: 2036 | W1: 2037 | X1: 2038 | Y1: 2039 | Z1: 2040 | AA1: 2041 | AB1: 2042 | AC1: 2043 | AD1: 2044 | AE1: 2045 | AF1: 2046 | AG1: 2047 | AH1: 2048 | AI1: 2049 | AJ1: 2050 | AK1: Comments
A2: overall | B2: biomass | C2: BAU-S | D2: M hh | E2: {=E38*_xlfn.XLOOKUP(1,(Population!$A:$A=E$1)*(Population!$B:$B=$A2),Population!$F:$F)/10^3} -> #REF! | F2: {=F38*_xlfn.XLOOKUP(1,(Population!$A:$A=F$1)*(Population!$B:$B=$A2),Population!$F:$F)/10^3} -> #REF! | G2: {=G38*_xlfn.XLOOKUP(1,(Population!$A:$A=G$1)*(Population!$B:$B=$A2),Population!$F:$F)/10^3} -> #REF! | H2: {=H38*_xlfn.XLOOKUP(1,(Population!$A:$A=H$1)*(Population!$B:$B=$A2),Population!$F:$F)/10^3} -> #REF! | I2: {=I38*_xlfn.XLOOKUP(1,(Population!$A:$A=I$1)*(Population!$B:$B=$A2),Population!$F:$F)/10^3} -> #REF! | J2: {=J38*_xlfn.XLOOKUP(1,(Population!$A:$A=J$1)*(Population!$B:$B=$A2),Population!$F:$F)/10^3} -> #REF! | K2: {=K38*_xlfn.XLOOKUP(1,(Population!$A:$A=K$1)*(Population!$B:$B=$A2),Population!$F:$F)/10^3} -> #REF! | L2: {=L38*_xlfn.XLOOKUP(1,(Population!$A:$A=L$1)*(Population!$B:$B=$A2),Population!$F:$F)/10^3} -> #REF! | ... AJ2: {=AJ38*_xlfn.XLOOKUP(1,(Population!$A:$A=AJ$1)*(Population!$B:$B=$A2),Population!$F:$F)/10^3} -> #N/A
A3: overall | B3: charcoal | C3: BAU-S | D3: M hh | E3: {=E39*_xlfn.XLOOKUP(1,(Population!$A:$A=E$1)*(Population!$B:$B=$A3),Population!$F:$F)/10^3} -> #REF! | F3: {=F39*_xlfn.XLOOKUP(1,(Population!$A:$A=F$1)*(Population!$B:$B=$A3),Population!$F:$F)/10^3} -> #REF! | G3: {=G39*_xlfn.XLOOKUP(1,(Population!$A:$A=G$1)*(Population!$B:$B=$A3),Population!$F:$F)/10^3} -> #REF! | H3: {=H39*_xlfn.XLOOKUP(1,(Population!$A:$A=H$1)*(Population!$B:$B=$A3),Population!$F:$F)/10^3} -> #REF! | I3: {=I39*_xlfn.XLOOKUP(1,(Population!$A:$A=I$1)*(Population!$B:$B=$A3),Population!$F:$F)/10^3} -> #REF! | J3: {=J39*_xlfn.XLOOKUP(1,(Population!$A:$A=J$1)*(Population!$B:$B=$A3),Population!$F:$F)/10^3} -> #REF! | K3: {=K39*_xlfn.XLOOKUP(1,(Population!$A:$A=K$1)*(Population!$B:$B=$A3),Population!$F:$F)/10^3} -> #REF! | L3: {=L39*_xlfn.XLOOKUP(1,(Population!$A:$A=L$1)*(Population!$B:$B=$A3),Population!$F:$F)/10^3} -> #REF! | ... AJ3: {=AJ39*_xlfn.XLOOKUP(1,(Population!$A:$A=AJ$1)*(Population!$B:$B=$A3),Population!$F:$F)/10^3} -> #N/A
A4: overall | B4: Imp_biomass | C4: BAU-S | D4: M hh | E4: {=E40*_xlfn.XLOOKUP(1,(Population!$A:$A=E$1)*(Population!$B:$B=$A4),Population!$F:$F)/10^3} -> #REF! | F4: {=F40*_xlfn.XLOOKUP(1,(Population!$A:$A=F$1)*(Population!$B:$B=$A4),Population!$F:$F)/10^3} -> #REF! | G4: {=G40*_xlfn.XLOOKUP(1,(Population!$A:$A=G$1)*(Population!$B:$B=$A4),Population!$F:$F)/10^3} -> #REF! | H4: {=H40*_xlfn.XLOOKUP(1,(Population!$A:$A=H$1)*(Population!$B:$B=$A4),Population!$F:$F)/10^3} -> #REF! | I4: {=I40*_xlfn.XLOOKUP(1,(Population!$A:$A=I$1)*(Population!$B:$B=$A4),Population!$F:$F)/10^3} -> #REF! | J4: {=J40*_xlfn.XLOOKUP(1,(Population!$A:$A=J$1)*(Population!$B:$B=$A4),Population!$F:$F)/10^3} -> #REF! | K4: {=K40*_xlfn.XLOOKUP(1,(Population!$A:$A=K$1)*(Population!$B:$B=$A4),Population!$F:$F)/10^3} -> #REF! | L4: {=L40*_xlfn.XLOOKUP(1,(Population!$A:$A=L$1)*(Population!$B:$B=$A4),Population!$F:$F)/10^3} -> #REF! | ... AJ4: {=AJ40*_xlfn.XLOOKUP(1,(Population!$A:$A=AJ$1)*(Population!$B:$B=$A4),Population!$F:$F)/10^3} -> #N/A
A5: overall | B5: Imp_charcoal | C5: BAU-S | D5: M hh | E5: {=E41*_xlfn.XLOOKUP(1,(Population!$A:$A=E$1)*(Population!$B:$B=$A5),Population!$F:$F)/10^3} -> #REF! | F5: {=F41*_xlfn.XLOOKUP(1,(Population!$A:$A=F$1)*(Population!$B:$B=$A5),Population!$F:$F)/10^3} -> #REF! | G5: {=G41*_xlfn.XLOOKUP(1,(Population!$A:$A=G$1)*(Population!$B:$B=$A5),Population!$F:$F)/10^3} -> #REF! | H5: {=H41*_xlfn.XLOOKUP(1,(Population!$A:$A=H$1)*(Population!$B:$B=$A5),Population!$F:$F)/10^3} -> #REF! | I5: {=I41*_xlfn.XLOOKUP(1,(Population!$A:$A=I$1)*(Population!$B:$B=$A5),Population!$F:$F)/10^3} -> #REF! | J5: {=J41*_xlfn.XLOOKUP(1,(Population!$A:$A=J$1)*(Population!$B:$B=$A5),Population!$F:$F)/10^3} -> #REF! | K5: {=K41*_xlfn.XLOOKUP(1,(Population!$A:$A=K$1)*(Population!$B:$B=$A5),Population!$F:$F)/10^3} -> #REF! | L5: {=L41*_xlfn.XLOOKUP(1,(Population!$A:$A=L$1)*(Population!$B:$B=$A5),Population!$F:$F)/10^3} -> #REF! | ... AJ5: {=AJ41*_xlfn.XLOOKUP(1,(Population!$A:$A=AJ$1)*(Population!$B:$B=$A5),Population!$F:$F)/10^3} -> #N/A
A6: overall | B6: Gas | C6: BAU-S | D6: M hh | E6: {=E42*_xlfn.XLOOKUP(1,(Population!$A:$A=E$1)*(Population!$B:$B=$A6),Population!$F:$F)/10^3} -> #N/A | F6: {=F42*_xlfn.XLOOKUP(1,(Population!$A:$A=F$1)*(Population!$B:$B=$A6),Population!$F:$F)/10^3} -> #N/A | G6: {=G42*_xlfn.XLOOKUP(1,(Population!$A:$A=G$1)*(Population!$B:$B=$A6),Population!$F:$F)/10^3} -> #N/A | H6: {=H42*_xlfn.XLOOKUP(1,(Population!$A:$A=H$1)*(Population!$B:$B=$A6),Population!$F:$F)/10^3} -> #N/A | I6: {=I42*_xlfn.XLOOKUP(1,(Population!$A:$A=I$1)*(Population!$B:$B=$A6),Population!$F:$F)/10^3} -> #N/A | J6: {=J42*_xlfn.XLOOKUP(1,(Population!$A:$A=J$1)*(Population!$B:$B=$A6),Population!$F:$F)/10^3} -> #N/A | K6: {=K42*_xlfn.XLOOKUP(1,(Population!$A:$A=K$1)*(Population!$B:$B=$A6),Population!$F:$F)/10^3} -> #N/A | L6: {=L42*_xlfn.XLOOKUP(1,(Population!$A:$A=L$1)*(Population!$B:$B=$A6),Population!$F:$F)/10^3} -> #N/A | ... AJ6: {=AJ42*_xlfn.XLOOKUP(1,(Population!$A:$A=AJ$1)*(Population!$B:$B=$A6),Population!$F:$F)/10^3} -> #N/A
A7: overall | B7: kerosene | C7: BAU-S | D7: M hh | E7: {=E43*_xlfn.XLOOKUP(1,(Population!$A:$A=E$1)*(Population!$B:$B=$A7),Population!$F:$F)/10^3} -> #N/A | F7: {=F43*_xlfn.XLOOKUP(1,(Population!$A:$A=F$1)*(Population!$B:$B=$A7),Population!$F:$F)/10^3} -> #N/A | G7: {=G43*_xlfn.XLOOKUP(1,(Population!$A:$A=G$1)*(Population!$B:$B=$A7),Population!$F:$F)/10^3} -> #N/A | H7: {=H43*_xlfn.XLOOKUP(1,(Population!$A:$A=H$1)*(Population!$B:$B=$A7),Population!$F:$F)/10^3} -> #N/A | I7: {=I43*_xlfn.XLOOKUP(1,(Population!$A:$A=I$1)*(Population!$B:$B=$A7),Population!$F:$F)/10^3} -> #N/A | J7: {=J43*_xlfn.XLOOKUP(1,(Population!$A:$A=J$1)*(Population!$B:$B=$A7),Population!$F:$F)/10^3} -> #N/A | K7: {=K43*_xlfn.XLOOKUP(1,(Population!$A:$A=K$1)*(Population!$B:$B=$A7),Population!$F:$F)/10^3} -> #N/A | L7: {=L43*_xlfn.XLOOKUP(1,(Population!$A:$A=L$1)*(Population!$B:$B=$A7),Population!$F:$F)/10^3} -> #N/A | ... AJ7: {=AJ43*_xlfn.XLOOKUP(1,(Population!$A:$A=AJ$1)*(Population!$B:$B=$A7),Population!$F:$F)/10^3} -> #N/A
A8: overall | B8: electric | C8: BAU-S | D8: M hh | E8: {=E44*_xlfn.XLOOKUP(1,(Population!$A:$A=E$1)*(Population!$B:$B=$A8),Population!$F:$F)/10^3} -> #N/A | F8: {=F44*_xlfn.XLOOKUP(1,(Population!$A:$A=F$1)*(Population!$B:$B=$A8),Population!$F:$F)/10^3} -> #N/A | G8: {=G44*_xlfn.XLOOKUP(1,(Population!$A:$A=G$1)*(Population!$B:$B=$A8),Population!$F:$F)/10^3} -> #N/A | H8: {=H44*_xlfn.XLOOKUP(1,(Population!$A:$A=H$1)*(Population!$B:$B=$A8),Population!$F:$F)/10^3} -> #N/A | I8: {=I44*_xlfn.XLOOKUP(1,(Population!$A:$A=I$1)*(Population!$B:$B=$A8),Population!$F:$F)/10^3} -> #N/A | J8: {=J44*_xlfn.XLOOKUP(1,(Population!$A:$A=J$1)*(Population!$B:$B=$A8),Population!$F:$F)/10^3} -> #N/A | K8: {=K44*_xlfn.XLOOKUP(1,(Population!$A:$A=K$1)*(Population!$B:$B=$A8),Population!$F:$F)/10^3} -> #N/A | L8: {=L44*_xlfn.XLOOKUP(1,(Population!$A:$A=L$1)*(Population!$B:$B=$A8),Population!$F:$F)/10^3} -> #N/A | ... AJ8: {=AJ44*_xlfn.XLOOKUP(1,(Population!$A:$A=AJ$1)*(Population!$B:$B=$A8),Population!$F:$F)/10^3} -> #N/A
A9: overall | B9: pellets | C9: BAU-S | D9: M hh | E9: {=E45*_xlfn.XLOOKUP(1,(Population!$A:$A=E$1)*(Population!$B:$B=$A9),Population!$F:$F)/10^3} -> #N/A | F9: {=F45*_xlfn.XLOOKUP(1,(Population!$A:$A=F$1)*(Population!$B:$B=$A9),Population!$F:$F)/10^3} -> #N/A | G9: {=G45*_xlfn.XLOOKUP(1,(Population!$A:$A=G$1)*(Population!$B:$B=$A9),Population!$F:$F)/10^3} -> #N/A | H9: {=H45*_xlfn.XLOOKUP(1,(Population!$A:$A=H$1)*(Population!$B:$B=$A9),Population!$F:$F)/10^3} -> #N/A | I9: {=I45*_xlfn.XLOOKUP(1,(Population!$A:$A=I$1)*(Population!$B:$B=$A9),Population!$F:$F)/10^3} -> #N/A | J9: {=J45*_xlfn.XLOOKUP(1,(Population!$A:$A=J$1)*(Population!$B:$B=$A9),Population!$F:$F)/10^3} -> #N/A | K9: {=K45*_xlfn.XLOOKUP(1,(Population!$A:$A=K$1)*(Population!$B:$B=$A9),Population!$F:$F)/10^3} -> #N/A | L9: {=L45*_xlfn.XLOOKUP(1,(Population!$A:$A=L$1)*(Population!$B:$B=$A9),Population!$F:$F)/10^3} -> #N/A | ... AJ9: {=AJ45*_xlfn.XLOOKUP(1,(Population!$A:$A=AJ$1)*(Population!$B:$B=$A9),Population!$F:$F)/10^3} -> #N/A
A10: overall | B10: ethanol | C10: BAU-S | D10: M hh | E10: {=E46*_xlfn.XLOOKUP(1,(Population!$A:$A=E$1)*(Population!$B:$B=$A10),Population!$F:$F)/10^3} -> #N/A | F10: {=F46*_xlfn.XLOOKUP(1,(Population!$A:$A=F$1)*(Population!$B:$B=$A10),Population!$F:$F)/10^3} -> #N/A | G10: {=G46*_xlfn.XLOOKUP(1,(Population!$A:$A=G$1)*(Population!$B:$B=$A10),Population!$F:$F)/10^3} -> #N/A | H10: {=H46*_xlfn.XLOOKUP(1,(Population!$A:$A=H$1)*(Population!$B:$B=$A10),Population!$F:$F)/10^3} -> #N/A | I10: {=I46*_xlfn.XLOOKUP(1,(Population!$A:$A=I$1)*(Population!$B:$B=$A10),Population!$F:$F)/10^3} -> #N/A | J10: {=J46*_xlfn.XLOOKUP(1,(Population!$A:$A=J$1)*(Population!$B:$B=$A10),Population!$F:$F)/10^3} -> #N/A | K10: {=K46*_xlfn.XLOOKUP(1,(Population!$A:$A=K$1)*(Population!$B:$B=$A10),Population!$F:$F)/10^3} -> #N/A | L10: {=L46*_xlfn.XLOOKUP(1,(Population!$A:$A=L$1)*(Population!$B:$B=$A10),Population!$F:$F)/10^3} -> #N/A | ... AJ10: {=AJ46*_xlfn.XLOOKUP(1,(Population!$A:$A=AJ$1)*(Population!$B:$B=$A10),Population!$F:$F)/10^3} -> #N/A
A11: overall | B11: biogas | C11: BAU-S | D11: M hh | E11: {=E47*_xlfn.XLOOKUP(1,(Population!$A:$A=E$1)*(Population!$B:$B=$A11),Population!$F:$F)/10^3} -> #N/A | F11: {=F47*_xlfn.XLOOKUP(1,(Population!$A:$A=F$1)*(Population!$B:$B=$A11),Population!$F:$F)/10^3} -> #N/A | G11: {=G47*_xlfn.XLOOKUP(1,(Population!$A:$A=G$1)*(Population!$B:$B=$A11),Population!$F:$F)/10^3} -> #N/A | H11: {=H47*_xlfn.XLOOKUP(1,(Population!$A:$A=H$1)*(Population!$B:$B=$A11),Population!$F:$F)/10^3} -> #N/A | I11: {=I47*_xlfn.XLOOKUP(1,(Population!$A:$A=I$1)*(Population!$B:$B=$A11),Population!$F:$F)/10^3} -> #N/A | J11: {=J47*_xlfn.XLOOKUP(1,(Population!$A:$A=J$1)*(Population!$B:$B=$A11),Population!$F:$F)/10^3} -> #N/A | K11: {=K47*_xlfn.XLOOKUP(1,(Population!$A:$A=K$1)*(Population!$B:$B=$A11),Population!$F:$F)/10^3} -> #N/A | L11: {=L47*_xlfn.XLOOKUP(1,(Population!$A:$A=L$1)*(Population!$B:$B=$A11),Population!$F:$F)/10^3} -> #N/A | ... AJ11: {=AJ47*_xlfn.XLOOKUP(1,(Population!$A:$A=AJ$1)*(Population!$B:$B=$A11),Population!$F:$F)/10^3} -> #N/A
A12: overall | B12: other | C12: BAU-S | D12: M hh | E12: 0.012360446 | F12: 0.012599688 | G12: 0.012839977 | H12: 0.013081829 | I12: 0.013324982 | J12: 0.013568963 | K12: 0.013813361 | L12: 0.014057381 | M12: 0.01430154 | N12: 0.014545575 | O12: 0.014789195 | P12: 0.015032073 | Q12: 0.015273893 | R12: 0.015514399 | S12: 0.015752977 | T12: 0.015988889 | U12: 0.016221545 | V12: 0.016451106 | W12: 0.016676945 | X12: 0.016898909 | Y12: 0.017116915 | Z12: 0.017330878 | AA12: 0.017541769 | AB12: 0.017748352 | AC12: 0.017950569 | AD12: 0.018148383 | AE12: 0.01834178 | AF12: 0.0185324 | AG12: 0.018718518 | AH12: 0.018900207 | AI12: 0.019077599 | AJ12: 0.019250764
A13: rural | B13: biomass | C13: BAU-S | D13: M hh | E13: 7.5819239 | F13: 7.6616629 | G13: 7.7405328 | H13: 7.8194662 | I13: 7.8982261 | J13: 7.9764658 | K13: 8.0538879 | L13: 8.1295497 | M13: 8.2041369 | N13: 8.2774649 | O13: 8.3493399 | P13: 8.4195569 | Q13: 8.4878512 | R13: 8.5541407 | S13: 8.618082 | T13: 8.6792766 | U13: 8.7374187 | V13: 8.7929594 | W13: 8.8452505 | X13: 8.894238 | Y13: 8.9399056 | Z13: 8.9822373 | AA13: 9.0225482 | AB13: 9.0594647 | AC13: 9.0929892 | AD13: 9.1231362 | AE13: 9.1499305 | AF13: 9.1754454 | AG13: 9.1976561 | AH13: 9.2166325 | AI13: 9.23247 | AJ13: 9.2452339
A14: rural | B14: charcoal | C14: BAU-S | D14: M hh | E14: 3.4552612 | F14: 3.4922136 | G14: 3.5287951 | H14: 3.5654276 | I14: 3.602 | J14: 3.638352 | K14: 3.6743459 | L14: 3.7095497 | M14: 3.7442746 | N14: 3.778435 | O14: 3.8119411 | P14: 3.8446982 | Q14: 3.8765843 | R14: 3.9075609 | S14: 3.9374701 | T14: 3.9661289 | U14: 3.9933963 | V14: 4.0194778 | W14: 4.044076 | X14: 4.0671653 | Y14: 4.0887372 | Z14: 4.1087837 | AA14: 4.1279055 | AB14: 4.1454735 | AC14: 4.1614881 | AD14: 4.1759551 | AE14: 4.1888851 | AF14: 4.2012266 | AG14: 4.2120523 | AH14: 4.2213934 | AI14: 4.2292929 | AJ14: 4.2357803
A15: rural | B15: Imp_biomass | C15: BAU-S | D15: M hh
A16: rural | B16: Imp_charcoal | C16: BAU-S | D16: M hh
A17: rural | B17: Gas | C17: BAU-S | D17: M hh | E17: 0.491435 | F17: 0.50711395 | G17: 0.52257824 | H17: 0.53790653 | I17: 0.55309814 | J17: 0.56814157 | K17: 0.58302564 | L17: 0.59768916 | M17: 0.61218723 | N17: 0.62651129 | O17: 0.64065059 | P17: 0.65459211 | Q17: 0.66212892 | R17: 0.66949217 | S17: 0.67665492 | T17: 0.68358548 | U17: 0.69025906 | V17: 0.69671052 | W17: 0.70288778 | X17: 0.70878547 | Y17: 0.71440122 | Z17: 0.71973264 | AA17: 0.72488429 | AB17: 0.72974525 | AC17: 0.73431457 | AD17: 0.73859228 | AE17: 0.7425793 | AF17: 0.74644317 | AG17: 0.75001892 | AH17: 0.75331118 | AI17: 0.75632676 | AJ17: 0.75907006
A18: rural | B18: kerosene | C18: BAU-S | D18: M hh | E18: 0.082702118 | F18: 0.079671246 | G18: 0.076689652 | H18: 0.073760752 | I18: 0.070876506 | J18: 0.068029071 | K18: 0.065212187 | L18: 0.062415614 | M18: 0.059642871 | N18: 0.056890677 | O18: 0.054156251 | P18: 0.05143726 | Q18: 0.048731514 | R18: 0.046038336 | S18: 0.043355965 | T18: 0.040682953 | U18: 0.038018857 | V18: 0.035366726 | W18: 0.032724978 | X18: 0.0300949 | Y18: 0.027477962 | Z18: 0.024875659 | AA18: 0.022292787 | AB18: 0.019726741 | AC18: 0.017179129 | AD18: 0.014651566 | AE18: 0.012145652 | AF18: 0.0096651018 | AG18: 0.0072081716 | AH18: 0.0047763904 | AI18: 0.0023712066 | AJ18: -6.042537e-06
A19: rural | B19: electric | C19: BAU-S | D19: M hh | E19: 0.00218105 | F19: 0.0022147546 | G19: 0.0022480469 | H19: 0.002281214 | I19: 0.0023142028 | J19: 0.0023469246 | K19: 0.0023793023 | L19: 0.0024110645 | M19: 0.0024424195 | N19: 0.0024733177 | O19: 0.002503705 | P19: 0.0025335229 | Q19: 0.0025626933 | R19: 0.0025911919 | S19: 0.0026189145 | T19: 0.0026457384 | U19: 0.0026715677 | V19: 0.0026965373 | W19: 0.0027204457 | X19: 0.002743272 | Y19: 0.0027650071 | Z19: 0.0027856418 | AA19: 0.0028055807 | AB19: 0.0028243944 | AC19: 0.0028420795 | AD19: 0.0028586359 | AE19: 0.0028740671 | AF19: 0.0028890218 | AG19: 0.0029028613 | AH19: 0.0029156036 | AI19: 0.0029272751 | AJ19: 0.0029378927
A20: rural | B20: pellets | C20: BAU-S | D20: M hh
A21: rural | B21: ethanol | C21: BAU-S | D21: M hh
A22: rural | B22: biogas | C22: BAU-S | D22: M hh
A23: rural | B23: other | C23: BAU-S | D23: M hh | E23: 0.010594668 | F23: 0.010758392 | G23: 0.010920113 | H23: 0.011081225 | I23: 0.011241471 | J23: 0.011400421 | K23: 0.011557699 | L23: 0.011711987 | M23: 0.011864297 | N23: 0.012014388 | O23: 0.012161997 | P23: 0.012306841 | Q23: 0.012448539 | R23: 0.012586974 | S23: 0.012721639 | T23: 0.012851939 | U23: 0.012977407 | V23: 0.0130987 | W23: 0.013214837 | X23: 0.013325718 | Y23: 0.013431299 | Z23: 0.013531534 | AA23: 0.013628389 | AB23: 0.013719778 | AC23: 0.013805685 | AD23: 0.01388611 | AE23: 0.013961068 | AF23: 0.014033712 | AG23: 0.014100939 | AH23: 0.014162836 | AI23: 0.014219531 | AJ23: 0.014271108
A24: urban | B24: biomass | C24: BAU-S | D24: M hh | E24: 1.058853 | F24: 1.09877 | G24: 1.1403067 | H24: 1.1829269 | I24: 1.2266187 | J24: 1.2713498 | K24: 1.317091 | L24: 1.3641407 | M24: 1.4122031 | N24: 1.46126 | O24: 1.5112887 | P24: 1.5622614 | Q24: 1.6142089 | R24: 1.6670493 | S24: 1.7207173 | T24: 1.7751296 | U24: 1.8302145 | V24: 1.8856935 | W24: 1.941764 | X24: 1.9983974 | Y24: 2.0555715 | Z24: 2.1132639 | AA24: 2.1709224 | AB24: 2.2290216 | AC24: 2.2875393 | AD24: 2.346456 | AE24: 2.4057544 | AF24: 2.4646085 | AG24: 2.5237767 | AH24: 2.583253 | AI24: 2.6430396 | AJ24: 2.7031312
A25: urban | B25: charcoal | C25: BAU-S | D25: M hh | E25: 1.9486116 | F25: 2.0224262 | G25: 2.0992561 | H25: 2.1781138 | I25: 2.2589773 | J25: 2.3417871 | K25: 2.4264892 | L25: 2.5136338 | M25: 2.6026759 | N25: 2.6935823 | O25: 2.7863113 | P25: 2.8808117 | Q25: 2.9771407 | R25: 3.0751476 | S25: 3.1747119 | T25: 3.2756802 | U25: 3.3779203 | V25: 3.4809181 | W25: 3.5850381 | X25: 3.6902269 | Y25: 3.7964441 | Z25: 3.9036478 | AA25: 4.0108183 | AB25: 4.1188315 | AC25: 4.2276468 | AD25: 4.3372278 | AE25: 4.4475423 | AF25: 4.5570632 | AG25: 4.6671919 | AH25: 4.7779174 | AI25: 4.8892436 | AJ25: 5.0011605
A26: urban | B26: Imp_biomass | C26: BAU-S | D26: M hh
A27: urban | B27: Imp_charcoal | C27: BAU-S | D27: M hh
A28: urban | B28: Gas | C28: BAU-S | D28: M hh | E28: 1.6362229 | F28: 1.7061999 | G28: 1.7790035 | H28: 1.8538194 | I28: 1.9306431 | J28: 2.0094364 | K28: 2.0901641 | L28: 2.173312 | M28: 2.258422 | N28: 2.345474 | O28: 2.4344399 | P28: 2.525282 | Q28: 2.6180576 | R28: 2.7126403 | S28: 2.8089292 | T28: 2.9067924 | U28: 3.0061151 | V28: 3.1064406 | W28: 3.2080931 | X28: 3.3110258 | Y28: 3.4152028 | Z28: 3.5205868 | AA28: 3.6262558 | AB28: 3.7329972 | AC28: 3.8407734 | AD28: 3.9495506 | AE28: 4.0592984 | AF28: 4.1686189 | AG28: 4.2787867 | AH28: 4.3897899 | AI28: 4.5016309 | AJ28: 4.6142991
A29: urban | B29: kerosene | C29: BAU-S | D29: M hh | E29: 0.71589021 | F29: 0.70820482 | G29: 0.70026293 | H29: 0.6916393 | I29: 0.68226931 | J29: 0.67208255 | K29: 0.66101679 | L29: 0.64917149 | M29: 0.6363504 | N29: 0.62250778 | O29: 0.60759953 | P29: 0.59158319 | Q29: 0.57444098 | R29: 0.55611576 | S29: 0.5365637 | T29: 0.51574204 | U29: 0.4936185 | V29: 0.47011533 | W29: 0.44528618 | X29: 0.41912111 | Y29: 0.39161356 | Z29: 0.36275828 | AA29: 0.33247041 | AB29: 0.30084348 | AC29: 0.2678777 | AD29: 0.23357472 | AE29: 0.19793739 | AF29: 0.16091657 | AG29: 0.1225949 | AH29: 0.082978967 | AI29: 0.042075442 | AJ29: -0.00010950705
A30: urban | B30: pellets | C30: BAU-S | D30: M hh
A31: urban | B31: ethanol | C31: BAU-S | D31: M hh
A32: urban | B32: biogas | C32: BAU-S | D32: M hh
A33: urban | B33: electric | C33: BAU-S | D33: M hh | E33: 0.03446059 | F33: 0.035934381 | G33: 0.037467701 | H33: 0.039043403 | I33: 0.040661392 | J33: 0.042320863 | K33: 0.044021074 | L33: 0.045772256 | M33: 0.047564763 | N33: 0.049398172 | O33: 0.051271886 | P33: 0.053185118 | Q33: 0.05513907 | R33: 0.057131083 | S33: 0.059159029 | T33: 0.061220131 | U33: 0.063311973 | V33: 0.065424934 | W33: 0.067565844 | X33: 0.069733715 | Y33: 0.071927795 | Z33: 0.074147293 | AA33: 0.076372795 | AB33: 0.078620882 | AC33: 0.080890763 | AD33: 0.083181727 | AE33: 0.085493132 | AF33: 0.087795537 | AG33: 0.090115786 | AH33: 0.092453633 | AI33: 0.094809122 | AJ33: 0.097182033
A34: urban | B34: other | C34: BAU-S | D34: M hh | E34: 0.0017657781 | F34: 0.0018412959 | G34: 0.001919864 | H34: 0.0020006037 | I34: 0.0020835103 | J34: 0.0021685424 | K34: 0.0022556621 | L34: 0.0023453936 | M34: 0.0024372426 | N34: 0.0025311873 | O34: 0.0026271974 | P34: 0.0027252324 | Q34: 0.0028253539 | R34: 0.0029274256 | S34: 0.0030313386 | T34: 0.0031369505 | U34: 0.0032441375 | V34: 0.0033524068 | W34: 0.003462108 | X34: 0.0035731909 | Y34: 0.0036856166 | Z34: 0.0037993448 | AA34: 0.0039133807 | AB34: 0.0040285738 | AC34: 0.0041448837 | AD34: 0.0042622738 | AE34: 0.0043807114 | AF34: 0.0044986878 | AG34: 0.0046175785 | AH34: 0.004737371 | AI34: 0.0048580674 | AJ34: 0.0049796566
A37: population | B37: Fuel | C37: Scenario | D37: unit | E37: 2019 | F37: 2020 | G37: 2021 | H37: 2022 | I37: 2023 | J37: 2024 | K37: 2025 | L37: 2026 | M37: 2027 | N37: 2028 | O37: 2029 | P37: 2030 | Q37: 2031 | R37: 2032 | S37: 2033 | T37: 2034 | U37: 2035 | V37: 2036 | W37: 2037 | X37: 2038 | Y37: 2039 | Z37: 2040 | AA37: 2041 | AB37: 2042 | AC37: 2043 | AD37: 2044 | AE37: 2045 | AF37: 2046 | AG37: 2047 | AH37: 2048 | AI37: 2049 | AJ37: 2050
A38: overall | B38: biomass | C38: BAU-S | D38: M hh | E38: =70.745553370709%-E40 -> #REF! | F38: =E38+($P38-$E38)/($P$37-$E$37) -> #REF! | G38: =F38+($P38-$E38)/($P$37-$E$37) -> #REF! | H38: =G38+($P38-$E38)/($P$37-$E$37) -> #REF! | I38: =H38+($P38-$E38)/($P$37-$E$37) -> #REF! | J38: =I38+($P38-$E38)/($P$37-$E$37) -> #REF! | K38: =J38+($P38-$E38)/($P$37-$E$37) -> #REF! | L38: =K38+($P38-$E38)/($P$37-$E$37) -> #REF! | M38: =L38+($P38-$E38)/($P$37-$E$37) -> #REF! | ... O38: =N38+($P38-$E38)/($P$37-$E$37) -> #REF! | P38: =0.39*0.63 -> 0.2457 | Q38: =P38+($AJ38-$P38)/($AJ$37-$P$37) -> 0.236065 | R38: =Q38+($AJ38-$P38)/($AJ$37-$P$37) -> 0.22643 | S38: =R38+($AJ38-$P38)/($AJ$37-$P$37) -> 0.216795 | T38: =S38+($AJ38-$P38)/($AJ$37-$P$37) -> 0.20716 | U38: =T38+($AJ38-$P38)/($AJ$37-$P$37) -> 0.197525 | V38: =U38+($AJ38-$P38)/($AJ$37-$P$37) -> 0.18789 | W38: =V38+($AJ38-$P38)/($AJ$37-$P$37) -> 0.178255 | X38: =W38+($AJ38-$P38)/($AJ$37-$P$37) -> 0.16862 | ... AI38: =AH38+($AJ38-$P38)/($AJ$37-$P$37) -> 0.062635 | AJ38: =0.1*0.53 -> 0.053
A39: overall | B39: charcoal | C39: BAU-S | D39: M hh | E39: =44.2437039080182%-E41 -> #REF! | F39: =E39+($P39-$E39)/($P$37-$E$37) -> #REF! | G39: =F39+($P39-$E39)/($P$37-$E$37) -> #REF! | H39: =G39+($P39-$E39)/($P$37-$E$37) -> #REF! | I39: =H39+($P39-$E39)/($P$37-$E$37) -> #REF! | J39: =I39+($P39-$E39)/($P$37-$E$37) -> #REF! | K39: =J39+($P39-$E39)/($P$37-$E$37) -> #REF! | L39: =K39+($P39-$E39)/($P$37-$E$37) -> #REF! | M39: =L39+($P39-$E39)/($P$37-$E$37) -> #REF! | ... O39: =N39+($P39-$E39)/($P$37-$E$37) -> #REF! | P39: =0.39*0.43 -> 0.1677 | Q39: =P39+($AJ39-$P39)/($AJ$37-$P$37) -> 0.161365 | R39: =Q39+($AJ39-$P39)/($AJ$37-$P$37) -> 0.15503 | S39: =R39+($AJ39-$P39)/($AJ$37-$P$37) -> 0.148695 | T39: =S39+($AJ39-$P39)/($AJ$37-$P$37) -> 0.14236 | U39: =T39+($AJ39-$P39)/($AJ$37-$P$37) -> 0.136025 | V39: =U39+($AJ39-$P39)/($AJ$37-$P$37) -> 0.12969 | W39: =V39+($AJ39-$P39)/($AJ$37-$P$37) -> 0.123355 | X39: =W39+($AJ39-$P39)/($AJ$37-$P$37) -> 0.11702 | ... AI39: =AH39+($AJ39-$P39)/($AJ$37-$P$37) -> 0.047335 | AJ39: =0.1*0.41 -> 0.041
A40: overall | B40: Imp_biomass | C40: BAU-S | D40: M hh | E40: {=SUM(params!#REF!/100)} -> #REF! | F40: =E40+($P40-$E40)/($P$37-$E$37) -> #REF! | G40: =F40+($P40-$E40)/($P$37-$E$37) -> #REF! | H40: =G40+($P40-$E40)/($P$37-$E$37) -> #REF! | I40: =H40+($P40-$E40)/($P$37-$E$37) -> #REF! | J40: =I40+($P40-$E40)/($P$37-$E$37) -> #REF! | K40: =J40+($P40-$E40)/($P$37-$E$37) -> #REF! | L40: =K40+($P40-$E40)/($P$37-$E$37) -> #REF! | M40: =L40+($P40-$E40)/($P$37-$E$37) -> #REF! | ... O40: =N40+($P40-$E40)/($P$37-$E$37) -> #REF! | P40: =0.61*0.63 -> 0.3843 | Q40: =P40+($AJ40-$P40)/($AJ$37-$P$37) -> 0.388935 | R40: =Q40+($AJ40-$P40)/($AJ$37-$P$37) -> 0.39357 | S40: =R40+($AJ40-$P40)/($AJ$37-$P$37) -> 0.398205 | T40: =S40+($AJ40-$P40)/($AJ$37-$P$37) -> 0.40284 | U40: =T40+($AJ40-$P40)/($AJ$37-$P$37) -> 0.407475 | V40: =U40+($AJ40-$P40)/($AJ$37-$P$37) -> 0.41211 | W40: =V40+($AJ40-$P40)/($AJ$37-$P$37) -> 0.416745 | X40: =W40+($AJ40-$P40)/($AJ$37-$P$37) -> 0.42138 | ... AI40: =AH40+($AJ40-$P40)/($AJ$37-$P$37) -> 0.472365 | AJ40: =0.9*0.53 -> 0.477 | AK40: 2019 is based on MoE study; 2030 and 2050 are from KNCTS targets
A41: overall | B41: Imp_charcoal | C41: BAU-S | D41: M hh | E41: =params!#REF!/100 -> #REF! | F41: =E41+($P41-$E41)/($P$37-$E$37) -> #REF! | G41: =F41+($P41-$E41)/($P$37-$E$37) -> #REF! | H41: =G41+($P41-$E41)/($P$37-$E$37) -> #REF! | I41: =H41+($P41-$E41)/($P$37-$E$37) -> #REF! | J41: =I41+($P41-$E41)/($P$37-$E$37) -> #REF! | K41: =J41+($P41-$E41)/($P$37-$E$37) -> #REF! | L41: =K41+($P41-$E41)/($P$37-$E$37) -> #REF! | M41: =L41+($P41-$E41)/($P$37-$E$37) -> #REF! | ... O41: =N41+($P41-$E41)/($P$37-$E$37) -> #REF! | P41: =0.61*0.43 -> 0.2623 | Q41: =P41+($AJ41-$P41)/($AJ$37-$P$37) -> 0.267635 | R41: =Q41+($AJ41-$P41)/($AJ$37-$P$37) -> 0.27297 | S41: =R41+($AJ41-$P41)/($AJ$37-$P$37) -> 0.278305 | T41: =S41+($AJ41-$P41)/($AJ$37-$P$37) -> 0.28364 | U41: =T41+($AJ41-$P41)/($AJ$37-$P$37) -> 0.288975 | V41: =U41+($AJ41-$P41)/($AJ$37-$P$37) -> 0.29431 | W41: =V41+($AJ41-$P41)/($AJ$37-$P$37) -> 0.299645 | X41: =W41+($AJ41-$P41)/($AJ$37-$P$37) -> 0.30498 | ... AI41: =AH41+($AJ41-$P41)/($AJ$37-$P$37) -> 0.363665 | AJ41: =0.9*0.41 -> 0.369 | AK41: Fill in blanks with 61% f biomass usedin 2030 and 90% of biomass users in 2050
A42: overall | B42: Gas | C42: BAU-S | D42: M hh | E42: 0.1742 | F42: =E42+($P42-$E42)/($P$37-$E$37) -> 0.17674743 | G42: =F42+($P42-$E42)/($P$37-$E$37) -> 0.17929486 | H42: =G42+($P42-$E42)/($P$37-$E$37) -> 0.18184229 | I42: =H42+($P42-$E42)/($P$37-$E$37) -> 0.18438972 | J42: =I42+($P42-$E42)/($P$37-$E$37) -> 0.18693715 | K42: =J42+($P42-$E42)/($P$37-$E$37) -> 0.18948458 | L42: =K42+($P42-$E42)/($P$37-$E$37) -> 0.19203201 | M42: =L42+($P42-$E42)/($P$37-$E$37) -> 0.19457944 | ... O42: =N42+($P42-$E42)/($P$37-$E$37) -> 0.1996743 | P42: 0.20222173 | Q42: =P42+($AJ42-$P42)/($AJ$37-$P$37) -> 0.20411393 | R42: =Q42+($AJ42-$P42)/($AJ$37-$P$37) -> 0.20600612 | S42: =R42+($AJ42-$P42)/($AJ$37-$P$37) -> 0.20789832 | T42: =S42+($AJ42-$P42)/($AJ$37-$P$37) -> 0.20979051 | U42: =T42+($AJ42-$P42)/($AJ$37-$P$37) -> 0.21168271 | V42: =U42+($AJ42-$P42)/($AJ$37-$P$37) -> 0.2135749 | W42: =V42+($AJ42-$P42)/($AJ$37-$P$37) -> 0.21546709 | X42: =W42+($AJ42-$P42)/($AJ$37-$P$37) -> 0.21735929 | ... AI42: =AH42+($AJ42-$P42)/($AJ$37-$P$37) -> 0.23817343 | AJ42: 0.24006562
A43: overall | B43: kerosene | C43: BAU-S | D43: M hh | E43: 0.065384 | F43: =E43+($P43-$E43)/($P$37-$E$37) -> 0.063157492 | G43: =F43+($P43-$E43)/($P$37-$E$37) -> 0.060930983 | H43: =G43+($P43-$E43)/($P$37-$E$37) -> 0.058704475 | I43: =H43+($P43-$E43)/($P$37-$E$37) -> 0.056477966 | J43: =I43+($P43-$E43)/($P$37-$E$37) -> 0.054251458 | K43: =J43+($P43-$E43)/($P$37-$E$37) -> 0.05202495 | L43: =K43+($P43-$E43)/($P$37-$E$37) -> 0.049798441 | M43: =L43+($P43-$E43)/($P$37-$E$37) -> 0.047571933 | ... O43: =N43+($P43-$E43)/($P$37-$E$37) -> 0.043118916 | P43: 0.040892408 | Q43: =P43+($AJ43-$P43)/($AJ$37-$P$37) -> 0.038847787 | R43: =Q43+($AJ43-$P43)/($AJ$37-$P$37) -> 0.036803167 | S43: =R43+($AJ43-$P43)/($AJ$37-$P$37) -> 0.034758547 | T43: =S43+($AJ43-$P43)/($AJ$37-$P$37) -> 0.032713926 | U43: =T43+($AJ43-$P43)/($AJ$37-$P$37) -> 0.030669306 | V43: =U43+($AJ43-$P43)/($AJ$37-$P$37) -> 0.028624685 | W43: =V43+($AJ43-$P43)/($AJ$37-$P$37) -> 0.026580065 | X43: =W43+($AJ43-$P43)/($AJ$37-$P$37) -> 0.024535445 | ... AI43: =AH43+($AJ43-$P43)/($AJ$37-$P$37) -> 0.0020446204 | AJ43: 0
A44: overall | B44: electric | C44: BAU-S | D44: M hh | E44: 0.003 | F44: =E44+($P44-$E44)/($P$37-$E$37) -> 0.0030493987 | G44: =F44+($P44-$E44)/($P$37-$E$37) -> 0.0030987974 | H44: =G44+($P44-$E44)/($P$37-$E$37) -> 0.0031481961 | I44: =H44+($P44-$E44)/($P$37-$E$37) -> 0.0031975948 | J44: =I44+($P44-$E44)/($P$37-$E$37) -> 0.0032469935 | K44: =J44+($P44-$E44)/($P$37-$E$37) -> 0.0032963921 | L44: =K44+($P44-$E44)/($P$37-$E$37) -> 0.0033457908 | M44: =L44+($P44-$E44)/($P$37-$E$37) -> 0.0033951895 | ... O44: =N44+($P44-$E44)/($P$37-$E$37) -> 0.0034939869 | P44: 0.0035433856 | Q44: =P44+($AJ44-$P44)/($AJ$37-$P$37) -> 0.0035898688 | R44: =Q44+($AJ44-$P44)/($AJ$37-$P$37) -> 0.0036363521 | S44: =R44+($AJ44-$P44)/($AJ$37-$P$37) -> 0.0036828354 | T44: =S44+($AJ44-$P44)/($AJ$37-$P$37) -> 0.0037293186 | U44: =T44+($AJ44-$P44)/($AJ$37-$P$37) -> 0.0037758019 | V44: =U44+($AJ44-$P44)/($AJ$37-$P$37) -> 0.0038222851 | W44: =V44+($AJ44-$P44)/($AJ$37-$P$37) -> 0.0038687684 | X44: =W44+($AJ44-$P44)/($AJ$37-$P$37) -> 0.0039152516 | ... AI44: =AH44+($AJ44-$P44)/($AJ$37-$P$37) -> 0.0044265674 | AJ44: 0.0044730507
A45: overall | B45: pellets | C45: BAU-S | D45: M hh | F45: =E45+($P45-$E45)/($P$37-$E$37) -> 0 | G45: =F45+($P45-$E45)/($P$37-$E$37) -> 0 | H45: =G45+($P45-$E45)/($P$37-$E$37) -> 0 | I45: =H45+($P45-$E45)/($P$37-$E$37) -> 0 | J45: =I45+($P45-$E45)/($P$37-$E$37) -> 0 | K45: =J45+($P45-$E45)/($P$37-$E$37) -> 0 | L45: =K45+($P45-$E45)/($P$37-$E$37) -> 0 | M45: =L45+($P45-$E45)/($P$37-$E$37) -> 0 | ... O45: =N45+($P45-$E45)/($P$37-$E$37) -> 0 | Q45: =P45+($AJ45-$P45)/($AJ$37-$P$37) -> 0 | R45: =Q45+($AJ45-$P45)/($AJ$37-$P$37) -> 0 | S45: =R45+($AJ45-$P45)/($AJ$37-$P$37) -> 0 | T45: =S45+($AJ45-$P45)/($AJ$37-$P$37) -> 0 | U45: =T45+($AJ45-$P45)/($AJ$37-$P$37) -> 0 | V45: =U45+($AJ45-$P45)/($AJ$37-$P$37) -> 0 | W45: =V45+($AJ45-$P45)/($AJ$37-$P$37) -> 0 | X45: =W45+($AJ45-$P45)/($AJ$37-$P$37) -> 0 | ... AI45: =AH45+($AJ45-$P45)/($AJ$37-$P$37) -> 0
A46: overall | B46: ethanol | C46: BAU-S | D46: M hh | F46: =E46+($P46-$E46)/($P$37-$E$37) -> 0 | G46: =F46+($P46-$E46)/($P$37-$E$37) -> 0 | H46: =G46+($P46-$E46)/($P$37-$E$37) -> 0 | I46: =H46+($P46-$E46)/($P$37-$E$37) -> 0 | J46: =I46+($P46-$E46)/($P$37-$E$37) -> 0 | K46: =J46+($P46-$E46)/($P$37-$E$37) -> 0 | L46: =K46+($P46-$E46)/($P$37-$E$37) -> 0 | M46: =L46+($P46-$E46)/($P$37-$E$37) -> 0 | ... O46: =N46+($P46-$E46)/($P$37-$E$37) -> 0 | Q46: =P46+($AJ46-$P46)/($AJ$37-$P$37) -> 0 | R46: =Q46+($AJ46-$P46)/($AJ$37-$P$37) -> 0 | S46: =R46+($AJ46-$P46)/($AJ$37-$P$37) -> 0 | T46: =S46+($AJ46-$P46)/($AJ$37-$P$37) -> 0 | U46: =T46+($AJ46-$P46)/($AJ$37-$P$37) -> 0 | V46: =U46+($AJ46-$P46)/($AJ$37-$P$37) -> 0 | W46: =V46+($AJ46-$P46)/($AJ$37-$P$37) -> 0 | X46: =W46+($AJ46-$P46)/($AJ$37-$P$37) -> 0 | ... AI46: =AH46+($AJ46-$P46)/($AJ$37-$P$37) -> 0
A47: overall | B47: biogas | C47: BAU-S | D47: M hh | F47: =E47+($P47-$E47)/($P$37-$E$37) -> 0 | G47: =F47+($P47-$E47)/($P$37-$E$37) -> 0 | H47: =G47+($P47-$E47)/($P$37-$E$37) -> 0 | I47: =H47+($P47-$E47)/($P$37-$E$37) -> 0 | J47: =I47+($P47-$E47)/($P$37-$E$37) -> 0 | K47: =J47+($P47-$E47)/($P$37-$E$37) -> 0 | L47: =K47+($P47-$E47)/($P$37-$E$37) -> 0 | M47: =L47+($P47-$E47)/($P$37-$E$37) -> 0 | ... O47: =N47+($P47-$E47)/($P$37-$E$37) -> 0 | Q47: =P47+($AJ47-$P47)/($AJ$37-$P$37) -> 0 | R47: =Q47+($AJ47-$P47)/($AJ$37-$P$37) -> 0 | S47: =R47+($AJ47-$P47)/($AJ$37-$P$37) -> 0 | T47: =S47+($AJ47-$P47)/($AJ$37-$P$37) -> 0 | U47: =T47+($AJ47-$P47)/($AJ$37-$P$37) -> 0 | V47: =U47+($AJ47-$P47)/($AJ$37-$P$37) -> 0 | W47: =V47+($AJ47-$P47)/($AJ$37-$P$37) -> 0 | X47: =W47+($AJ47-$P47)/($AJ$37-$P$37) -> 0 | ... AI47: =AH47+($AJ47-$P47)/($AJ$37-$P$37) -> 0
A48: overall | B48: other | C48: BAU-S | D48: M hh | E48: 0.001012 | F48: =E48+($P48-$E48)/($P$37-$E$37) -> 0.0010069049 | G48: =F48+($P48-$E48)/($P$37-$E$37) -> 0.0010018097 | H48: =G48+($P48-$E48)/($P$37-$E$37) -> 0.0009967146 | I48: =H48+($P48-$E48)/($P$37-$E$37) -> 0.00099161947 | J48: =I48+($P48-$E48)/($P$37-$E$37) -> 0.00098652433 | K48: =J48+($P48-$E48)/($P$37-$E$37) -> 0.0009814292 | L48: =K48+($P48-$E48)/($P$37-$E$37) -> 0.00097633407 | M48: =L48+($P48-$E48)/($P$37-$E$37) -> 0.00097123893 | ... O48: =N48+($P48-$E48)/($P$37-$E$37) -> 0.00096104867 | P48: 0.00095595353 | Q48: =P48+($AJ48-$P48)/($AJ$37-$P$37) -> 0.00095115911 | R48: =Q48+($AJ48-$P48)/($AJ$37-$P$37) -> 0.00094636468 | S48: =R48+($AJ48-$P48)/($AJ$37-$P$37) -> 0.00094157025 | T48: =S48+($AJ48-$P48)/($AJ$37-$P$37) -> 0.00093677583 | U48: =T48+($AJ48-$P48)/($AJ$37-$P$37) -> 0.0009319814 | V48: =U48+($AJ48-$P48)/($AJ$37-$P$37) -> 0.00092718697 | W48: =V48+($AJ48-$P48)/($AJ$37-$P$37) -> 0.00092239255 | X48: =W48+($AJ48-$P48)/($AJ$37-$P$37) -> 0.00091759812 | ... AI48: =AH48+($AJ48-$P48)/($AJ$37-$P$37) -> 0.00086485943 | AJ48: 0.000860065
A49: rural | B49: biomass
A50: rural | B50: charcoal
A51: rural | B51: Imp_biomass
A52: rural | B52: Imp_charcoal
A53: rural | B53: Gas
A54: rural | B54: kerosene
A55: rural | B55: electric
A56: rural | B56: pellets
A57: rural | B57: ethanol
A58: rural | B58: biogas
A59: rural | B59: other
A60: urban | B60: biomass
... A70: urban | B70: other
D71: Total M hhs | E71: =E2/E38 -> #REF! | F71: =F2/F38 -> #REF! | G71: =G2/G38 -> #REF! | H71: =H2/H38 -> #REF! | I71: =I2/I38 -> #REF! | J71: =J2/J38 -> #REF! | K71: =K2/K38 -> #REF! | L71: =L2/L38 -> #REF! | ... AJ71: =AJ2/AJ38 -> #N/A
D72: Rural M hhs
D73: Urban M hhs

Sheet BAU_Scenario
B1: Fuel | C1: Scenario | D1: unit | E1: 2010 | F1: 2011 | G1: 2012 | H1: 2013 | I1: 2014 | J1: 2015 | K1: 2016 | L1: 2017 | M1: 2018 | N1: 2019 | O1: 2020 | P1: 2021 | Q1: 2022 | R1: 2023 | S1: 2024 | T1: 2025 | U1: 2026 | V1: 2027 | W1: 2028 | X1: 2029 | Y1: 2030 | Z1: 2031 | AA1: 2032 | AB1: 2033 | AC1: 2034 | AD1: 2035 | AE1: 2036 | AF1: 2037 | AG1: 2038 | AH1: 2039 | AI1: 2040 | AJ1: 2041 | AK1: 2042 | AL1: 2043 | AM1: 2044 | AN1: 2045 | AO1: 2046 | AP1: 2047 | AQ1: 2048 | AR1: 2049 | AS1: 2050 | AT1: New users 2025-2030 | AU1: New users 2030-2040 | AV1: Assumptions 2050
A2: overall | B2: fuelwood | C2: BAU | D2: M ppl | E2: =SUM(E13,E24) -> 14.596192 | F2: =SUM(F13,F24) -> 14.838968 | G2: =SUM(G13,G24) -> 15.07484 | H2: =SUM(H13,H24) -> 15.30407 | I2: =SUM(I13,I24) -> 15.527444 | J2: =SUM(J13,J24) -> 15.745237 | K2: =SUM(K13,K24) -> 15.95671 | L2: =SUM(L13,L24) -> 16.160459 | ... AS2: =SUM(AS13,AS24) -> 7.4830211 | AT2: =Y2-T2 -> -0.56478054 | AU2: =AI2-Y2 -> -3.1798019
A3: overall | B3: charcoal | C3: BAU | D3: M ppl | E3: =SUM(E14,E25) -> 3.9194128 | F3: =SUM(F14,F25) -> 4.363263 | G3: =SUM(G14,G25) -> 4.8321665 | H3: =SUM(H14,H25) -> 5.3272586 | I3: =SUM(I14,I25) -> 5.8499012 | J3: =SUM(J14,J25) -> 6.401436 | K3: =SUM(K14,K25) -> 6.9829929 | L3: =SUM(L14,L25) -> 7.5954556 | ... AS3: =SUM(AS14,AS25) -> 49.181114 | AT3: =Y3-T3 -> 5.3580963 | AU3: =AI3-Y3 -> 13.329524
A4: overall | B4: Imp_fuelwood | C4: BAU | D4: M ppl | E4: =SUM(E15,E26) -> 0 | F4: =SUM(F15,F26) -> 0 | G4: =SUM(G15,G26) -> 0 | H4: =SUM(H15,H26) -> 0 | I4: =SUM(I15,I26) -> 0.006577908 | J4: =SUM(J15,J26) -> 0.021719287 | K4: =SUM(K15,K26) -> 0.03825534 | L4: =SUM(L15,L26) -> 0.056266175 | ... AS4: =SUM(AS15,AS26) -> 1.8694645 | AT4: =Y4-T4 -> 0.18690915 | AU4: =AI4-Y4 -> 0.5577006
A5: overall | B5: Imp_charcoal | C5: BAU | D5: M ppl | E5: =SUM(E16,E27) -> 0 | F5: =SUM(F16,F27) -> 0 | G5: =SUM(G16,G27) -> 0 | H5: =SUM(H16,H27) -> 0 | I5: =SUM(I16,I27) -> 0.002192636 | J5: =SUM(J16,J27) -> 0.0072397622 | K5: =SUM(K16,K27) -> 0.01275178 | L5: =SUM(L16,L27) -> 0.018755392 | ... AS5: =SUM(AS16,AS27) -> 0.62315482 | AT5: =Y5-T5 -> 0.062303051 | AU5: =AI5-Y5 -> 0.1859002
A6: overall | B6: Gas | C6: BAU | D6: M ppl | E6: =SUM(E17,E28) -> 0.0025315047 | F6: =SUM(F17,F28) -> 0.0025333978 | G6: =SUM(G17,G28) -> 0.0053706729 | H6: =SUM(H17,H28) -> 0.009137324 | I6: =SUM(I17,I28) -> 0.013249949 | J6: =SUM(J17,J28) -> 0.017729443 | K6: =SUM(K17,K28) -> 0.022597302 | L6: =SUM(L17,L28) -> 0.027875004 | ... AS6: =SUM(AS17,AS28) -> 0 | AT6: =Y6-T6 -> -0.002076067 | AU6: =AI6-Y6 -> -0.022225021
A7: overall | B7: kerosene | C7: BAU | D7: M ppl | E7: =SUM(E18,E29) -> 0.0080280817 | F7: =SUM(F18,F29) -> 0.0078028154 | G7: =SUM(G18,G29) -> 0.0075326574 | H7: =SUM(H18,H29) -> 0.0072151578 | I7: =SUM(I18,I29) -> 0.0068477708 | J7: =SUM(J18,J29) -> 0.0064274962 | K7: =SUM(K18,K29) -> 0.0059508307 | L7: =SUM(L18,L29) -> 0.0054139275 | ... AS7: =SUM(AS18,AS29) -> 0 | AT7: =Y7-T7 -> 0 | AU7: =AI7-Y7 -> 0
A8: overall | B8: electric | C8: BAU | D8: M ppl | E8: =SUM(E19,E30) -> 0.84443093 | F8: =SUM(F19,F30) -> 0.85423194 | G8: =SUM(G19,G30) -> 0.86268906 | H8: =SUM(H19,H30) -> 0.86974335 | I8: =SUM(I19,I30) -> 0.87534636 | J8: =SUM(J19,J30) -> 0.87941721 | K8: =SUM(K19,K30) -> 0.88182789 | L8: =SUM(L19,L30) -> 0.88241414 | ... AS8: =SUM(AS19,AS30) -> 0 | AT8: =Y8-T8 -> -0.022724774 | AU8: =AI8-Y8 -> -0.2342907
A9: overall | B9: pellets | C9: BAU | D9: M ppl | E9: =SUM(E20,E31) -> 0 | F9: =SUM(F20,F31) -> 0 | G9: =SUM(G20,G31) -> 0 | H9: =SUM(H20,H31) -> 0 | I9: =SUM(I20,I31) -> 0 | J9: =SUM(J20,J31) -> 0 | K9: =SUM(K20,K31) -> 0 | L9: =SUM(L20,L31) -> 0 | ... AS9: =SUM(AS20,AS31) -> 0 | AT9: =Y9-T9 -> 0 | AU9: =AI9-Y9 -> 0
A10: overall | B10: ethanol | C10: BAU | D10: M ppl | E10: =SUM(E21,E32) -> 0 | F10: =SUM(F21,F32) -> 0 | G10: =SUM(G21,G32) -> 0 | H10: =SUM(H21,H32) -> 0 | I10: =SUM(I21,I32) -> 0 | J10: =SUM(J21,J32) -> 0 | K10: =SUM(K21,K32) -> 0 | L10: =SUM(L21,L32) -> 0 | ... AS10: =SUM(AS21,AS32) -> 0 | AT10: =Y10-T10 -> 0 | AU10: =AI10-Y10 -> 0
A11: overall | B11: biogas | C11: BAU | D11: M ppl | E11: =SUM(E22,E33) -> 0 | F11: =SUM(F22,F33) -> 0 | G11: =SUM(G22,G33) -> 0 | H11: =SUM(H22,H33) -> 0 | I11: =SUM(I22,I33) -> 0 | J11: =SUM(J22,J33) -> 0 | K11: =SUM(K22,K33) -> 0 | L11: =SUM(L22,L33) -> 0 | ... AS11: =SUM(AS22,AS33) -> 0 | AT11: =Y11-T11 -> 0 | AU11: =AI11-Y11 -> 0
A12: overall | B12: other | C12: BAU | D12: M ppl | E12: =SUM(E23,E34) -> 0.1502645 | F12: =SUM(F23,F34) -> 0.15025494 | G12: =SUM(G23,G34) -> 0.14999647 | H12: =SUM(H23,H34) -> 0.149485 | I12: =SUM(I23,I34) -> 0.14872083 | J12: =SUM(J23,J34) -> 0.14769826 | K12: =SUM(K23,K34) -> 0.14640136 | L12: =SUM(L23,L34) -> 0.14480796 | ... AS12: =SUM(AS23,AS34) -> 0 | AT12: =Y12-T12 -> -0.013308914 | AU12: =AI12-Y12 -> -0.044249216
A13: rural | B13: fuelwood | C13: BAU | D13: M ppl | E13: =E49*E$72 -> 12.481837 | F13: =F49*F$72 -> 12.688089 | G13: =G49*G$72 -> 12.890034 | H13: =H49*H$72 -> 13.088057 | I13: =I49*I$72 -> 13.283039 | J13: =J49*J$72 -> 13.475428 | K13: =K49*K$72 -> 13.664774 | L13: =L49*L$72 -> 13.850053 | ... AS13: =AS49*AS$72 -> 7.4830211 | AT13: =Y13-T13 -> -0.5090847 | AU13: =AI13-Y13 -> -2.5296646
A14: rural | B14: charcoal | C14: BAU | D14: M ppl | E14: =E50*E$72 -> 0.10024641 | F14: =F50*F$72 -> 0.2644062 | G14: =G50*G$72 -> 0.43774169 | H14: =H50*H$72 -> 0.6204436 | I14: =I50*I$72 -> 0.81276291 | J14: =J50*J$72 -> 1.0149777 | K14: =K50*K$72 -> 1.227324 | L14: =L50*L$72 -> 1.4499654 | ... AS14: =AS50*AS$72 -> 20.578308 | AT14: =Y14-T14 -> 2.6430805 | AU14: =AI14-Y14 -> 6.4857206
A15: rural | B15: Imp_fuelwood | C15: BAU | D15: M ppl | E15: =E51*E$72 -> 0 | F15: =F51*F$72 -> 0 | G15: =G51*G$72 -> 0 | H15: =H51*H$72 -> 0 | I15: =I51*I$72 -> 0 | J15: =J51*J$72 -> 0 | K15: =K51*K$72 -> 0 | L15: =L51*L$72 -> 0 | ... AS15: =AS51*AS$72 -> 0 | AT15: =Y15-T15 -> 0 | AU15: =AI15-Y15 -> 0
A16: rural | B16: Imp_charcoal | C16: BAU | D16: M ppl | E16: =E52*E$72 -> 0 | F16: =F52*F$72 -> 0 | G16: =G52*G$72 -> 0 | H16: =H52*H$72 -> 0 | I16: =I52*I$72 -> 0 | J16: =J52*J$72 -> 0 | K16: =K52*K$72 -> 0 | L16: =L52*L$72 -> 0 | ... AS16: =AS52*AS$72 -> 0 | AT16: =Y16-T16 -> 0 | AU16: =AI16-Y16 -> 0
A17: rural | B17: Gas | C17: BAU | D17: M ppl | E17: =E53*E$72 -> 0.0025315047 | F17: =F53*F$72 -> 0.0025333978 | G17: =G53*G$72 -> 0.002532154 | H17: =H53*H$72 -> 0.002527805 | I17: =I53*I$72 -> 0.0025204698 | J17: =J53*J$72 -> 0.0025101714 | K17: =K53*K$72 -> 0.0024967599 | L17: =L53*L$72 -> 0.0024799853 | ... AS17: =AS53*AS$72 -> 0 | AT17: =Y17-T17 -> -0.00024063775 | AU17: =AI17-Y17 -> -0.00080006767
A18: rural | B18: kerosene | C18: BAU | D18: M ppl | E18: =E54*E$72 -> 0 | F18: =F54*F$72 -> 0 | G18: =G54*G$72 -> 0 | H18: =H54*H$72 -> 0 | I18: =I54*I$72 -> 0 | J18: =J54*J$72 -> 0 | K18: =K54*K$72 -> 0 | L18: =L54*L$72 -> 0 | ... AS18: =AS54*AS$72 -> 0 | AT18: =Y18-T18 -> 0 | AU18: =AI18-Y18 -> 0
A19: rural | B19: electric | C19: BAU | D19: M ppl | E19: =E55*E$72 -> 0.066425614 | F19: =F55*F$72 -> 0.065230877 | G19: =G55*G$72 -> 0.063883296 | H19: =H55*H$72 -> 0.062382272 | I19: =I55*I$72 -> 0.060729054 | J19: =J55*J$72 -> 0.058922149 | K19: =K55*K$72 -> 0.056955784 | L19: =L55*L$72 -> 0.054822085 | ... AS19: =AS55*AS$72 -> 0 | AT19: =Y19-T19 -> -0.0037104262 | AU19: =AI19-Y19 -> -0.012336353
A20: rural | B20: pellets | C20: BAU | D20: M ppl | E20: =E56*E$72 -> 0 | F20: =F56*F$72 -> 0 | G20: =G56*G$72 -> 0 | H20: =H56*H$72 -> 0 | I20: =I56*I$72 -> 0 | J20: =J56*J$72 -> 0 | K20: =K56*K$72 -> 0 | L20: =L56*L$72 -> 0 | ... AS20: =AS56*AS$72 -> 0 | AT20: =Y20-T20 -> 0 | AU20: =AI20-Y20 -> 0
A21: rural | B21: ethanol | C21: BAU | D21: M ppl | E21: =E57*E$72 -> 0 | F21: =F57*F$72 -> 0 | G21: =G57*G$72 -> 0 | H21: =H57*H$72 -> 0 | I21: =I57*I$72 -> 0 | J21: =J57*J$72 -> 0 | K21: =K57*K$72 -> 0 | L21: =L57*L$72 -> 0 | ... AS21: =AS57*AS$72 -> 0 | AT21: =Y21-T21 -> 0 | AU21: =AI21-Y21 -> 0
A22: rural | B22: biogas | C22: BAU | D22: M ppl | E22: =E58*E$72 -> 0 | F22: =F58*F$72 -> 0 | G22: =G58*G$72 -> 0 | H22: =H58*H$72 -> 0 | I22: =I58*I$72 -> 0 | J22: =J58*J$72 -> 0 | K22: =K58*K$72 -> 0 | L22: =L58*L$72 -> 0 | ... AS22: =AS58*AS$72 -> 0 | AT22: =Y22-T22 -> 0 | AU22: =AI22-Y22 -> 0
A23: rural | B23: other | C23: BAU | D23: M ppl | E23: =E59*E$72 -> 0.12971608 | F23: =F59*F$72 -> 0.13028071 | G23: =G59*G$72 -> 0.13071111 | H23: =H59*H$72 -> 0.13100944 | I23: =I59*I$72 -> 0.1311825 | J23: =J59*J$72 -> 0.13123227 | K23: =K59*K$72 -> 0.13115174 | L23: =L59*L$72 -> 0.1309286 | ... AS23: =AS59*AS$72 -> 0 | AT23: =Y23-T23 -> -0.013308914 | AU23: =AI23-Y23 -> -0.044249216
A24: urban | B24: fuelwood | C24: BAU | D24: M ppl | E24: =E60*E$73 -> 2.1143551 | F24: =F60*F$73 -> 2.1508796 | G24: =G60*G$73 -> 2.1848065 | H24: =H60*H$73 -> 2.2160134 | I24: =I60*I$73 -> 2.2444052 | J24: =J60*J$73 -> 2.2698088 | K24: =K60*K$73 -> 2.2919362 | L24: =L60*L$73 -> 2.3104059 | ... AS24: =AS60*AS$73 -> 0 | AT24: =Y24-T24 -> -0.055695846 | AU24: =AI24-Y24 -> -0.65013724
A25: urban | B25: charcoal | C25: BAU | D25: M ppl | E25: =E61*E$73 -> 3.8191664 | F25: =F61*F$73 -> 4.0988568 | G25: =G61*G$73 -> 4.3944248 | H25: =H61*H$73 -> 4.706815 | I25: =I61*I$73 -> 5.0371383 | J25: =J61*J$73 -> 5.3864583 | K25: =K61*K$73 -> 5.7556689 | L25: =L61*L$73 -> 6.1454902 | ... AS25: =AS61*AS$73 -> 28.602806 | AT25: =Y25-T25 -> 2.7150158 | AU25: =AI25-Y25 -> 6.8438035
A26: urban | B26: Imp_fuelwood | C26: BAU | D26: M ppl | E26: =E62*E$73 -> 0 | F26: =F62*F$73 -> 0 | G26: =G62*G$73 -> 0 | H26: =H62*H$73 -> 0 | I26: =I62*I$73 -> 0.006577908 | J26: =J62*J$73 -> 0.021719287 | K26: =K62*K$73 -> 0.03825534 | L26: =L62*L$73 -> 0.056266175 | ... AS26: =AS62*AS$73 -> 1.8694645 | AT26: =Y26-T26 -> 0.18690915 | AU26: =AI26-Y26 -> 0.5577006
A27: urban | B27: Imp_charcoal | C27: BAU | D27: M ppl | E27: =E63*E$73 -> 0 | F27: =F63*F$73 -> 0 | G27: =G63*G$73 -> 0 | H27: =H63*H$73 -> 0 | I27: =I63*I$73 -> 0.002192636 | J27: =J63*J$73 -> 0.0072397622 | K27: =K63*K$73 -> 0.01275178 | L27: =L63*L$73 -> 0.018755392 | ... AS27: =AS63*AS$73 -> 0.62315482 | AT27: =Y27-T27 -> 0.062303051 | AU27: =AI27-Y27 -> 0.1859002
A28: urban | B28: Gas | C28: BAU | D28: M ppl | E28: =E64*E$73 -> 0 | F28: =F64*F$73 -> 0 | G28: =G64*G$73 -> 0.0028385189 | H28: =H64*H$73 -> 0.006609519 | I28: =I64*I$73 -> 0.01072948 | J28: =J64*J$73 -> 0.015219271 | K28: =K64*K$73 -> 0.020100542 | L28: =L64*L$73 -> 0.025395019 | ... AS28: =AS64*AS$73 -> 0 | AT28: =Y28-T28 -> -0.0018354293 | AU28: =AI28-Y28 -> -0.021424953
A29: urban | B29: kerosene | C29: BAU | D29: M ppl | E29: =E65*E$73 -> 0.0080280817 | F29: =F65*F$73 -> 0.0078028154 | G29: =G65*G$73 -> 0.0075326574 | H29: =H65*H$73 -> 0.0072151578 | I29: =I65*I$73 -> 0.0068477708 | J29: =J65*J$73 -> 0.0064274962 | K29: =K65*K$73 -> 0.0059508307 | L29: =L65*L$73 -> 0.0054139275 | ... AS29: =AS65*AS$73 -> 0 | AT29: =Y29-T29 -> 0 | AU29: =AI29-Y29 -> 0
A30: urban | B30: electric | C30: BAU | D30: M ppl | E30: =E66*E$73 -> 0.77800532 | F30: =F66*F$73 -> 0.78900106 | G30: =G66*G$73 -> 0.79880577 | H30: =H66*H$73 -> 0.80736108 | I30: =I66*I$73 -> 0.8146173 | J30: =J66*J$73 -> 0.82049506 | K30: =K66*K$73 -> 0.82487211 | L30: =L66*L$73 -> 0.82759205 | ... AS30: =AS66*AS$73 -> 0 | AT30: =Y30-T30 -> -0.019014348 | AU30: =AI30-Y30 -> -0.22195435
A31: urban | B31: pellets | C31: BAU | D31: M ppl | E31: =E67*E$73 -> 0 | F31: =F67*F$73 -> 0 | G31: =G67*G$73 -> 0 | H31: =H67*H$73 -> 0 | I31: =I67*I$73 -> 0 | J31: =J67*J$73 -> 0 | K31: =K67*K$73 -> 0 | L31: =L67*L$73 -> 0 | ... AS31: =AS67*AS$73 -> 0 | AT31: =Y31-T31 -> 0 | AU31: =AI31-Y31 -> 0
A32: urban | B32: ethanol | C32: BAU | D32: M ppl | E32: =E68*E$73 -> 0 | F32: =F68*F$73 -> 0 | G32: =G68*G$73 -> 0 | H32: =H68*H$73 -> 0 | I32: =I68*I$73 -> 0 | J32: =J68*J$73 -> 0 | K32: =K68*K$73 -> 0 | L32: =L68*L$73 -> 0 | ... AS32: =AS68*AS$73 -> 0 | AT32: =Y32-T32 -> 0 | AU32: =AI32-Y32 -> 0
A33: urban | B33: biogas | C33: BAU | D33: M ppl | E33: =E69*E$73 -> 0 | F33: =F69*F$73 -> 0 | G33: =G69*G$73 -> 0 | H33: =H69*H$73 -> 0 | I33: =I69*I$73 -> 0 | J33: =J69*J$73 -> 0 | K33: =K69*K$73 -> 0 | L33: =L69*L$73 -> 0 | ... AS33: =AS69*AS$73 -> 0 | AT33: =Y33-T33 -> 0 | AU33: =AI33-Y33 -> 0
A34: urban | B34: other | C34: BAU | D34: M ppl | E34: =E70*E$73 -> 0.020548419 | F34: =F70*F$73 -> 0.019974224 | G34: =G70*G$73 -> 0.019285356 | H34: =H70*H$73 -> 0.018475557 | I34: =I70*I$73 -> 0.017538324 | J34: =J70*J$73 -> 0.016465996 | K34: =K70*K$73 -> 0.015249619 | L34: =L70*L$73 -> 0.013879364 | ... AS34: =AS70*AS$73 -> 0 | AT34: =Y34-T34 -> 0 | AU34: =AI34-Y34 -> 0
E36: Linear fit to survey data through 2024
A37: population | B37: Fuel | C37: Scenario | D37: unit | E37: 2010 | F37: 2011 | G37: 2012 | H37: 2013 | I37: 2014 | J37: 2015 | K37: 2016 | L37: 2017 | M37: 2018 | N37: 2019 | O37: 2020 | P37: 2021 | Q37: 2022 | R37: 2023 | S37: 2024 | T37: 2025 | U37: 2026 | V37: 2027 | W37: 2028 | X37: 2029 | Y37: 2030 | Z37: 2031 | AA37: 2032 | AB37: 2033 | AC37: 2034 | AD37: 2035 | AE37: 2036 | AF37: 2037 | AG37: 2038 | AH37: 2039 | AI37: 2040 | AJ37: 2041 | AK37: 2042 | AL37: 2043 | AM37: 2044 | AN37: 2045 | AO37: 2046 | AP37: 2047 | AQ37: 2048 | AR37: 2049 | AS37: 2050
A38: overall | B38: fuelwood | C38: BAU | D38: % of popl'n | E38: =(E49*E$72+E60*E$73)/E$71 -> 0.74604159 | F38: =(F49*F$72+F60*F$73)/F$71 -> 0.73233234 | G38: =(G49*G$72+G60*G$73)/G$71 -> 0.71863695 | H38: =(H49*H$72+H60*H$73)/H$71 -> 0.70495397 | I38: =(I49*I$72+I60*I$73)/I$71 -> 0.69128509 | J38: =(J49*J$72+J60*J$73)/J$71 -> 0.67763128 | K38: =(K49*K$72+K60*K$73)/K$71 -> 0.66399021 | L38: =(L49*L$72+L60*L$73)/L$71 -> 0.65035852 | ... AS38: =(AS49*AS$72+AS60*AS$73)/AS$71 -> 0.12575974
A39: overall | B39: charcoal | C39: BAU | D39: % of popl'n | E39: =(E50*E$72+E61*E$73)/E$71 -> 0.20032929 | F39: =(F50*F$72+F61*F$73)/F$71 -> 0.21533563 | G39: =(G50*G$72+G61*G$73)/G$71 -> 0.23035557 | H39: =(H50*H$72+H61*H$73)/H$71 -> 0.24539042 | I39: =(I50*I$72+I61*I$73)/I$71 -> 0.26043883 | J39: =(J50*J$72+J61*J$73)/J$71 -> 0.27550003 | K39: =(K50*K$72+K61*K$73)/K$71 -> 0.29057611 | L39: =(L50*L$72+L61*L$73)/L$71 -> 0.30567011 | ... AS39: =(AS50*AS$72+AS61*AS$73)/AS$71 -> 0.82653837
A40: overall | B40: Imp_fuelwood | C40: BAU | D40: % of popl'n | E40: =(E51*E$72+E62*E$73)/E$71 -> 0 | F40: =(F51*F$72+F62*F$73)/F$71 -> 0 | G40: =(G51*G$72+G62*G$73)/G$71 -> 0 | H40: =(H51*H$72+H62*H$73)/H$71 -> 0 | I40: =(I51*I$72+I62*I$73)/I$71 -> 0.00029284984 | J40: =(J51*J$72+J62*J$73)/J$71 -> 0.00093473778 | K40: =(K51*K$72+K62*K$73)/K$71 -> 0.0015918802 | L40: =(L51*L$72+L62*L$73)/L$71 -> 0.0022643655 | ... AS40: =(AS51*AS$72+AS62*AS$73)/AS$71 -> 0.031418241
A41: overall | B41: Imp_charcoal | C41: BAU | D41: % of popl'n | E41: =(E52*E$72+E63*E$73)/E$71 -> 0 | F41: =(F52*F$72+F63*F$73)/F$71 -> 0 | G41: =(G52*G$72+G63*G$73)/G$71 -> 0 | H41: =(H52*H$72+H63*H$73)/H$71 -> 0 | I41: =(I52*I$72+I63*I$73)/I$71 -> 9.7616614e-05 | J41: =(J52*J$72+J63*J$73)/J$71 -> 0.00031157926 | K41: =(K52*K$72+K63*K$73)/K$71 -> 0.00053062672 | L41: =(L52*L$72+L63*L$73)/L$71 -> 0.00075478851 | ... AS41: =(AS52*AS$72+AS63*AS$73)/AS$71 -> 0.010472747
A42: overall | B42: Gas | C42: BAU | D42: % of popl'n | E42: =(E53*E$72+E64*E$73)/E$71 -> 0.00012939044 | F42: =(F53*F$72+F64*F$73)/F$71 -> 0.00012502818 | G42: =(G53*G$72+G64*G$73)/G$71 -> 0.00025602686 | H42: =(H53*H$72+H64*H$73)/H$71 -> 0.0004208941 | I42: =(I53*I$72+I64*I$73)/I$71 -> 0.00058989052 | J42: =(J53*J$72+J64*J$73)/J$71 -> 0.00076302598 | K42: =(K53*K$72+K64*K$73)/K$71 -> 0.00094031833 | L42: =(L53*L$72+L64*L$73)/L$71 -> 0.0011217965 | ... AS42: =(AS53*AS$72+AS64*AS$73)/AS$71 -> 0
A43: overall | B43: kerosene | C43: BAU | D43: % of popl'n | E43: =(E54*E$72+E65*E$73)/E$71 -> 0.00041033186 | F43: =(F54*F$72+F65*F$73)/F$71 -> 0.00038508432 | G43: =(G54*G$72+G65*G$73)/G$71 -> 0.00035909143 | H43: =(H54*H$72+H65*H$73)/H$71 -> 0.00033235304 | I43: =(I54*I$72+I65*I$73)/I$71 -> 0.0003048642 | J43: =(J54*J$72+J65*J$73)/J$71 -> 0.00027662159 | K43: =(K54*K$72+K65*K$73)/K$71 -> 0.0002476258 | L43: =(L54*L$72+L65*L$73)/L$71 -> 0.0002178771 | ... AS43: =(AS54*AS$72+AS65*AS$73)/AS$71 -> 0
A44: overall | B44: electric | C44: BAU | D44: % of popl'n | E44: =(E55*E$72+E66*E$73)/E$71 -> 0.043160611 | F44: =(F55*F$72+F66*F$73)/F$71 -> 0.04215803 | G44: =(G55*G$72+G66*G$73)/G$71 -> 0.041125493 | H44: =(H55*H$72+H66*H$73)/H$71 -> 0.040063135 | I44: =(I55*I$72+I66*I$73)/I$71 -> 0.038970604 | J44: =(J55*J$72+J66*J$73)/J$71 -> 0.037847674 | K44: =(K55*K$72+K66*K$73)/K$71 -> 0.036694598 | L44: =(L55*L$72+L66*L$73)/L$71 -> 0.035511711 | ... AS44: =(AS55*AS$72+AS66*AS$73)/AS$71 -> 0
A45: overall | B45: pellets | C45: BAU | D45: % of popl'n | E45: =(E56*E$72+E67*E$73)/E$71 -> 0 | F45: =(F56*F$72+F67*F$73)/F$71 -> 0 | G45: =(G56*G$72+G67*G$73)/G$71 -> 0 | H45: =(H56*H$72+H67*H$73)/H$71 -> 0 | I45: =(I56*I$72+I67*I$73)/I$71 -> 0 | J45: =(J56*J$72+J67*J$73)/J$71 -> 0 | K45: =(K56*K$72+K67*K$73)/K$71 -> 0 | L45: =(L56*L$72+L67*L$73)/L$71 -> 0 | ... AS45: =(AS56*AS$72+AS67*AS$73)/AS$71 -> 0
A46: overall | B46: ethanol | C46: BAU | D46: % of popl'n | E46: =(E57*E$72+E68*E$73)/E$71 -> 0 | F46: =(F57*F$72+F68*F$73)/F$71 -> 0 | G46: =(G57*G$72+G68*G$73)/G$71 -> 0 | H46: =(H57*H$72+H68*H$73)/H$71 -> 0 | I46: =(I57*I$72+I68*I$73)/I$71 -> 0 | J46: =(J57*J$72+J68*J$73)/J$71 -> 0 | K46: =(K57*K$72+K68*K$73)/K$71 -> 0 | L46: =(L57*L$72+L68*L$73)/L$71 -> 0 | ... AS46: =(AS57*AS$72+AS68*AS$73)/AS$71 -> 0
A47: overall | B47: biogas | C47: BAU | D47: % of popl'n | E47: =(E58*E$72+E69*E$73)/E$71 -> 0 | F47: =(F58*F$72+F69*F$73)/F$71 -> 0 | G47: =(G58*G$72+G69*G$73)/G$71 -> 0 | H47: =(H58*H$72+H69*H$73)/H$71 -> 0 | I47: =(I58*I$72+I69*I$73)/I$71 -> 0 | J47: =(J58*J$72+J69*J$73)/J$71 -> 0 | K47: =(K58*K$72+K69*K$73)/K$71 -> 0 | L47: =(L58*L$72+L69*L$73)/L$71 -> 0 | ... AS47: =(AS58*AS$72+AS69*AS$73)/AS$71 -> 0
A48: overall | B48: other | C48: BAU | D48: % of popl'n | E48: =(E59*E$72+E70*E$73)/E$71 -> 0.0076803293 | F48: =(F59*F$72+F70*F$73)/F$71 -> 0.0074153774 | G48: =(G59*G$72+G70*G$73)/G$71 -> 0.0071505238 | H48: =(H59*H$72+H70*H$73)/H$71 -> 0.0068857529 | I48: =(I59*I$72+I70*I$73)/I$71 -> 0.0066210825 | J48: =(J59*J$72+J70*J$73)/J$71 -> 0.0063565231 | K48: =(K59*K$72+K70*K$73)/K$71 -> 0.0060920493 | L48: =(L59*L$72+L70*L$73)/L$71 -> 0.0058276249 | ... AS48: =(AS59*AS$72+AS70*AS$73)/AS$71 -> 0
A49: rural | B49: fuelwood | C49: BAU | D49: % of popl'n | E49: =MAX(0,(E$37*params!$L14+params!$M14)) -> 0.97441927 | F49: =MAX(0,(F$37*params!$L14+params!$M14)) -> 0.96278847 | G49: =MAX(0,(G$37*params!$L14+params!$M14)) -> 0.95115768 | H49: =MAX(0,(H$37*params!$L14+params!$M14)) -> 0.93952688 | I49: =MAX(0,(I$37*params!$L14+params!$M14)) -> 0.92789608 | J49: =MAX(0,(J$37*params!$L14+params!$M14)) -> 0.91626528 | K49: =MAX(0,(K$37*params!$L14+params!$M14)) -> 0.90463448 | L49: =MAX(0,(L$37*params!$L14+params!$M14)) -> 0.89300368 | ... S49: =MAX(0,(S$37*params!$L14+params!$M14)) -> 0.81158809 | T49: =S49+($AS49-$S49)/($AS$37-$S$37) -> 0.79052701 | U49: =T49+($AS49-$S49)/($AS$37-$S$37) -> 0.76946593 | V49: =U49+($AS49-$S49)/($AS$37-$S$37) -> 0.74840485 | W49: =V49+($AS49-$S49)/($AS$37-$S$37) -> 0.72734377 | X49: =W49+($AS49-$S49)/($AS$37-$S$37) -> 0.70628269 | Y49: =X49+($AS49-$S49)/($AS$37-$S$37) -> 0.68522161 | Z49: =Y49+($AS49-$S49)/($AS$37-$S$37) -> 0.66416053 | AA49: =Z49+($AS49-$S49)/($AS$37-$S$37) -> 0.64309945 | ... AR49: =AQ49+($AS49-$S49)/($AS$37-$S$37) -> 0.28506108 | AS49: =params!K14 -> 0.264
A50: rural | B50: charcoal | C50: BAU | D50: % of popl'n | E50: =MAX(0,(E$37*params!$L15+params!$M15)) -> 0.0078259338 | F50: =MAX(0,(F$37*params!$L15+params!$M15)) -> 0.020063482 | G50: =MAX(0,(G$37*params!$L15+params!$M15)) -> 0.03230103 | H50: =MAX(0,(H$37*params!$L15+params!$M15)) -> 0.044538578 | I50: =MAX(0,(I$37*params!$L15+params!$M15)) -> 0.056776127 | J50: =MAX(0,(J$37*params!$L15+params!$M15)) -> 0.069013675 | K50: =MAX(0,(K$37*params!$L15+params!$M15)) -> 0.081251223 | L50: =MAX(0,(L$37*params!$L15+params!$M15)) -> 0.093488771 | ... S50: =MAX(0,(S$37*params!$L15+params!$M15)) -> 0.17915161 | T50: =S50+($AS50-$S50)/($AS$37-$S$37) -> 0.20018424 | U50: =T50+($AS50-$S50)/($AS$37-$S$37) -> 0.22121687 | V50: =U50+($AS50-$S50)/($AS$37-$S$37) -> 0.2422495 | W50: =V50+($AS50-$S50)/($AS$37-$S$37) -> 0.26328213 | X50: =W50+($AS50-$S50)/($AS$37-$S$37) -> 0.28431476 | Y50: =X50+($AS50-$S50)/($AS$37-$S$37) -> 0.30534739 | Z50: =Y50+($AS50-$S50)/($AS$37-$S$37) -> 0.32638002 | AA50: =Z50+($AS50-$S50)/($AS$37-$S$37) -> 0.34741265 | ... AR50: =AQ50+($AS50-$S50)/($AS$37-$S$37) -> 0.70496737 | AS50: =params!K15 -> 0.726
A51: rural | B51: Imp_fuelwood | C51: BAU | D51: % of popl'n | E51: =MAX(0,(E$37*params!$L16+params!$M16)) -> 0 | F51: =MAX(0,(F$37*params!$L16+params!$M16)) -> 0 | G51: =MAX(0,(G$37*params!$L16+params!$M16)) -> 0 | H51: =MAX(0,(H$37*params!$L16+params!$M16)) -> 0 | I51: =MAX(0,(I$37*params!$L16+params!$M16)) -> 0 | J51: =MAX(0,(J$37*params!$L16+params!$M16)) -> 0 | K51: =MAX(0,(K$37*params!$L16+params!$M16)) -> 0 | L51: =MAX(0,(L$37*params!$L16+params!$M16)) -> 0 | ... S51: =MAX(0,(S$37*params!$L16+params!$M16)) -> 0 | T51: =S51+($AS51-$S51)/($AS$37-$S$37) -> 0 | U51: =T51+($AS51-$S51)/($AS$37-$S$37) -> 0 | V51: =U51+($AS51-$S51)/($AS$37-$S$37) -> 0 | W51: =V51+($AS51-$S51)/($AS$37-$S$37) -> 0 | X51: =W51+($AS51-$S51)/($AS$37-$S$37) -> 0 | Y51: =X51+($AS51-$S51)/($AS$37-$S$37) -> 0 | Z51: =Y51+($AS51-$S51)/($AS$37-$S$37) -> 0 | AA51: =Z51+($AS51-$S51)/($AS$37-$S$37) -> 0 | ... AR51: =AQ51+($AS51-$S51)/($AS$37-$S$37) -> 0 | AS51: =params!K16 -> 0
A52: rural | B52: Imp_charcoal | C52: BAU | D52: % of popl'n | E52: =MAX(0,(E$37*params!$L17+params!$M17)) -> 0 | F52: =MAX(0,(F$37*params!$L17+params!$M17)) -> 0 | G52: =MAX(0,(G$37*params!$L17+params!$M17)) -> 0 | H52: =MAX(0,(H$37*params!$L17+params!$M17)) -> 0 | I52: =MAX(0,(I$37*params!$L17+params!$M17)) -> 0 | J52: =MAX(0,(J$37*params!$L17+params!$M17)) -> 0 | K52: =MAX(0,(K$37*params!$L17+params!$M17)) -> 0 | L52: =MAX(0,(L$37*params!$L17+params!$M17)) -> 0 | ... S52: =MAX(0,(S$37*params!$L17+params!$M17)) -> 0 | T52: =S52+($AS52-$S52)/($AS$37-$S$37) -> 0 | U52: =T52+($AS52-$S52)/($AS$37-$S$37) -> 0 | V52: =U52+($AS52-$S52)/($AS$37-$S$37) -> 0 | W52: =V52+($AS52-$S52)/($AS$37-$S$37) -> 0 | X52: =W52+($AS52-$S52)/($AS$37-$S$37) -> 0 | Y52: =X52+($AS52-$S52)/($AS$37-$S$37) -> 0 | Z52: =Y52+($AS52-$S52)/($AS$37-$S$37) -> 0 | AA52: =Z52+($AS52-$S52)/($AS$37-$S$37) -> 0 | ... AR52: =AQ52+($AS52-$S52)/($AS$37-$S$37) -> 0 | AS52: =params!K17 -> 0
A53: rural | B53: Gas | C53: BAU | D53: % of popl'n | E53: =MAX(0,(E$37*params!$L18+params!$M18)) -> 0.00019762691 | F53: =MAX(0,(F$37*params!$L18+params!$M18)) -> 0.00019223748 | G53: =MAX(0,(G$37*params!$L18+params!$M18)) -> 0.00018684805 | H53: =MAX(0,(H$37*params!$L18+params!$M18)) -> 0.00018145862 | I53: =MAX(0,(I$37*params!$L18+params!$M18)) -> 0.00017606919 | J53: =MAX(0,(J$37*params!$L18+params!$M18)) -> 0.00017067976 | K53: =MAX(0,(K$37*params!$L18+params!$M18)) -> 0.00016529033 | L53: =MAX(0,(L$37*params!$L18+params!$M18)) -> 0.0001599009 | ... S53: =MAX(0,(S$37*params!$L18+params!$M18)) -> 0.0001221749 | T53: =S53+($AS53-$S53)/($AS$37-$S$37) -> 0.00011747586 | U53: =T53+($AS53-$S53)/($AS$37-$S$37) -> 0.00011277683 | V53: =U53+($AS53-$S53)/($AS$37-$S$37) -> 0.00010807779 | W53: =V53+($AS53-$S53)/($AS$37-$S$37) -> 0.00010337876 | X53: =W53+($AS53-$S53)/($AS$37-$S$37) -> 9.8679725e-05 | Y53: =X53+($AS53-$S53)/($AS$37-$S$37) -> 9.398069e-05 | Z53: =Y53+($AS53-$S53)/($AS$37-$S$37) -> 8.9281656e-05 | AA53: =Z53+($AS53-$S53)/($AS$37-$S$37) -> 8.4582621e-05 | ... AR53: =AQ53+($AS53-$S53)/($AS$37-$S$37) -> 4.6990345e-06 | AS53: =params!K18 -> 0
A54: rural | B54: kerosene | C54: BAU | D54: % of popl'n | E54: =MAX(0,(E$37*params!$L19+params!$M19)) -> 0 | F54: =MAX(0,(F$37*params!$L19+params!$M19)) -> 0 | G54: =MAX(0,(G$37*params!$L19+params!$M19)) -> 0 | H54: =MAX(0,(H$37*params!$L19+params!$M19)) -> 0 | I54: =MAX(0,(I$37*params!$L19+params!$M19)) -> 0 | J54: =MAX(0,(J$37*params!$L19+params!$M19)) -> 0 | K54: =MAX(0,(K$37*params!$L19+params!$M19)) -> 0 | L54: =MAX(0,(L$37*params!$L19+params!$M19)) -> 0 | ... S54: =MAX(0,(S$37*params!$L19+params!$M19)) -> 0 | T54: =S54+($AS54-$S54)/($AS$37-$S$37) -> 0 | U54: =T54+($AS54-$S54)/($AS$37-$S$37) -> 0 | V54: =U54+($AS54-$S54)/($AS$37-$S$37) -> 0 | W54: =V54+($AS54-$S54)/($AS$37-$S$37) -> 0 | X54: =W54+($AS54-$S54)/($AS$37-$S$37) -> 0 | Y54: =X54+($AS54-$S54)/($AS$37-$S$37) -> 0 | Z54: =Y54+($AS54-$S54)/($AS$37-$S$37) -> 0 | AA54: =Z54+($AS54-$S54)/($AS$37-$S$37) -> 0 | ... AR54: =AQ54+($AS54-$S54)/($AS$37-$S$37) -> 0 | AS54: =params!K19 -> 0
A55: rural | B55: electric | C55: BAU | D55: % of popl'n | E55: =MAX(0,(E$37*params!$L20+params!$M20)) -> 0.0051856467 | F55: =MAX(0,(F$37*params!$L20+params!$M20)) -> 0.0049498028 | G55: =MAX(0,(G$37*params!$L20+params!$M20)) -> 0.0047139588 | H55: =MAX(0,(H$37*params!$L20+params!$M20)) -> 0.0044781149 | I55: =MAX(0,(I$37*params!$L20+params!$M20)) -> 0.0042422709 | J55: =MAX(0,(J$37*params!$L20+params!$M20)) -> 0.004006427 | K55: =MAX(0,(K$37*params!$L20+params!$M20)) -> 0.003770583 | L55: =MAX(0,(L$37*params!$L20+params!$M20)) -> 0.0035347391 | ... S55: =MAX(0,(S$37*params!$L20+params!$M20)) -> 0.0018838314 | T55: =S55+($AS55-$S55)/($AS$37-$S$37) -> 0.0018113763 | U55: =T55+($AS55-$S55)/($AS$37-$S$37) -> 0.0017389213 | V55: =U55+($AS55-$S55)/($AS$37-$S$37) -> 0.0016664662 | W55: =V55+($AS55-$S55)/($AS$37-$S$37) -> 0.0015940112 | X55: =W55+($AS55-$S55)/($AS$37-$S$37) -> 0.0015215561 | Y55: =X55+($AS55-$S55)/($AS$37-$S$37) -> 0.0014491011 | Z55: =Y55+($AS55-$S55)/($AS$37-$S$37) -> 0.001376646 | AA55: =Z55+($AS55-$S55)/($AS$37-$S$37) -> 0.001304191 | ... AR55: =AQ55+($AS55-$S55)/($AS$37-$S$37) -> 7.2455054e-05 | AS55: =params!K20 -> 0
A56: rural | B56: pellets | C56: BAU | D56: % of popl'n | E56: =MAX(0,(E$37*params!$L21+params!$M21)) -> 0 | F56: =MAX(0,(F$37*params!$L21+params!$M21)) -> 0 | G56: =MAX(0,(G$37*params!$L21+params!$M21)) -> 0 | H56: =MAX(0,(H$37*params!$L21+params!$M21)) -> 0 | I56: =MAX(0,(I$37*params!$L21+params!$M21)) -> 0 | J56: =MAX(0,(J$37*params!$L21+params!$M21)) -> 0 | K56: =MAX(0,(K$37*params!$L21+params!$M21)) -> 0 | L56: =MAX(0,(L$37*params!$L21+params!$M21)) -> 0 | ... S56: =MAX(0,(S$37*params!$L21+params!$M21)) -> 0 | T56: =S56+($AS56-$S56)/($AS$37-$S$37) -> 0 | U56: =T56+($AS56-$S56)/($AS$37-$S$37) -> 0 | V56: =U56+($AS56-$S56)/($AS$37-$S$37) -> 0 | W56: =V56+($AS56-$S56)/($AS$37-$S$37) -> 0 | X56: =W56+($AS56-$S56)/($AS$37-$S$37) -> 0 | Y56: =X56+($AS56-$S56)/($AS$37-$S$37) -> 0 | Z56: =Y56+($AS56-$S56)/($AS$37-$S$37) -> 0 | AA56: =Z56+($AS56-$S56)/($AS$37-$S$37) -> 0 | ... AR56: =AQ56+($AS56-$S56)/($AS$37-$S$37) -> 0 | AS56: =params!K21 -> 0
A57: rural | B57: ethanol | C57: BAU | D57: % of popl'n | E57: =MAX(0,(E$37*params!$L22+params!$M22)) -> 0 | F57: =MAX(0,(F$37*params!$L22+params!$M22)) -> 0 | G57: =MAX(0,(G$37*params!$L22+params!$M22)) -> 0 | H57: =MAX(0,(H$37*params!$L22+params!$M22)) -> 0 | I57: =MAX(0,(I$37*params!$L22+params!$M22)) -> 0 | J57: =MAX(0,(J$37*params!$L22+params!$M22)) -> 0 | K57: =MAX(0,(K$37*params!$L22+params!$M22)) -> 0 | L57: =MAX(0,(L$37*params!$L22+params!$M22)) -> 0 | ... S57: =MAX(0,(S$37*params!$L22+params!$M22)) -> 0 | T57: =S57+($AS57-$S57)/($AS$37-$S$37) -> 0 | U57: =T57+($AS57-$S57)/($AS$37-$S$37) -> 0 | V57: =U57+($AS57-$S57)/($AS$37-$S$37) -> 0 | W57: =V57+($AS57-$S57)/($AS$37-$S$37) -> 0 | X57: =W57+($AS57-$S57)/($AS$37-$S$37) -> 0 | Y57: =X57+($AS57-$S57)/($AS$37-$S$37) -> 0 | Z57: =Y57+($AS57-$S57)/($AS$37-$S$37) -> 0 | AA57: =Z57+($AS57-$S57)/($AS$37-$S$37) -> 0 | ... AR57: =AQ57+($AS57-$S57)/($AS$37-$S$37) -> 0 | AS57: =params!K22 -> 0
A58: rural | B58: biogas | C58: BAU | D58: % of popl'n | E58: =MAX(0,(E$37*params!$L23+params!$M23)) -> 0 | F58: =MAX(0,(F$37*params!$L23+params!$M23)) -> 0 | G58: =MAX(0,(G$37*params!$L23+params!$M23)) -> 0 | H58: =MAX(0,(H$37*params!$L23+params!$M23)) -> 0 | I58: =MAX(0,(I$37*params!$L23+params!$M23)) -> 0 | J58: =MAX(0,(J$37*params!$L23+params!$M23)) -> 0 | K58: =MAX(0,(K$37*params!$L23+params!$M23)) -> 0 | L58: =MAX(0,(L$37*params!$L23+params!$M23)) -> 0 | ... S58: =MAX(0,(S$37*params!$L23+params!$M23)) -> 0 | T58: =S58+($AS58-$S58)/($AS$37-$S$37) -> 0 | U58: =T58+($AS58-$S58)/($AS$37-$S$37) -> 0 | V58: =U58+($AS58-$S58)/($AS$37-$S$37) -> 0 | W58: =V58+($AS58-$S58)/($AS$37-$S$37) -> 0 | X58: =W58+($AS58-$S58)/($AS$37-$S$37) -> 0 | Y58: =X58+($AS58-$S58)/($AS$37-$S$37) -> 0 | Z58: =Y58+($AS58-$S58)/($AS$37-$S$37) -> 0 | AA58: =Z58+($AS58-$S58)/($AS$37-$S$37) -> 0 | ... AR58: =AQ58+($AS58-$S58)/($AS$37-$S$37) -> 0 | AS58: =params!K23 -> 0
A59: rural | B59: other | C59: BAU | D59: % of popl'n | E59: =MAX(0,(E$37*params!$L24+params!$M24)) -> 0.010126542 | F59: =MAX(0,(F$37*params!$L24+params!$M24)) -> 0.009885868 | G59: =MAX(0,(G$37*params!$L24+params!$M24)) -> 0.0096451941 | H59: =MAX(0,(H$37*params!$L24+params!$M24)) -> 0.0094045202 | I59: =MAX(0,(I$37*params!$L24+params!$M24)) -> 0.0091638464 | J59: =MAX(0,(J$37*params!$L24+params!$M24)) -> 0.0089231725 | K59: =MAX(0,(K$37*params!$L24+params!$M24)) -> 0.0086824986 | L59: =MAX(0,(L$37*params!$L24+params!$M24)) -> 0.0084418248 | ... S59: =MAX(0,(S$37*params!$L24+params!$M24)) -> 0.0067571077 | T59: =S59+($AS59-$S59)/($AS$37-$S$37) -> 0.006497219 | U59: =T59+($AS59-$S59)/($AS$37-$S$37) -> 0.0062373302 | V59: =U59+($AS59-$S59)/($AS$37-$S$37) -> 0.0059774415 | W59: =V59+($AS59-$S59)/($AS$37-$S$37) -> 0.0057175527 | X59: =W59+($AS59-$S59)/($AS$37-$S$37) -> 0.0054576639 | Y59: =X59+($AS59-$S59)/($AS$37-$S$37) -> 0.0051977752 | Z59: =Y59+($AS59-$S59)/($AS$37-$S$37) -> 0.0049378864 | AA59: =Z59+($AS59-$S59)/($AS$37-$S$37) -> 0.0046779977 | ... AR59: =AQ59+($AS59-$S59)/($AS$37-$S$37) -> 0.00025988876 | AS59: =params!K24 -> 0
A60: urban | B60: fuelwood | C60: BAU | D60: % of popl'n | E60: =MAX(0,(E$37*params!$L25+params!$M25)) -> 0.31299033 | F60: =MAX(0,(F$37*params!$L25+params!$M25)) -> 0.30361923 | G60: =MAX(0,(G$37*params!$L25+params!$M25)) -> 0.29424813 | H60: =MAX(0,(H$37*params!$L25+params!$M25)) -> 0.28487703 | I60: =MAX(0,(I$37*params!$L25+params!$M25)) -> 0.27550593 | J60: =MAX(0,(J$37*params!$L25+params!$M25)) -> 0.26613483 | K60: =MAX(0,(K$37*params!$L25+params!$M25)) -> 0.25676373 | L60: =MAX(0,(L$37*params!$L25+params!$M25)) -> 0.24739263 | ... S60: =MAX(0,(S$37*params!$L25+params!$M25)) -> 0.18179492 | T60: =S60+($AS60-$S60)/($AS$37-$S$37) -> 0.17480281 | U60: =T60+($AS60-$S60)/($AS$37-$S$37) -> 0.1678107 | V60: =U60+($AS60-$S60)/($AS$37-$S$37) -> 0.16081859 | W60: =V60+($AS60-$S60)/($AS$37-$S$37) -> 0.15382647 | X60: =W60+($AS60-$S60)/($AS$37-$S$37) -> 0.14683436 | Y60: =X60+($AS60-$S60)/($AS$37-$S$37) -> 0.13984225 | Z60: =Y60+($AS60-$S60)/($AS$37-$S$37) -> 0.13285014 | AA60: =Z60+($AS60-$S60)/($AS$37-$S$37) -> 0.12585802 | ... AR60: =AQ60+($AS60-$S60)/($AS$37-$S$37) -> 0.0069921124 | AS60: =params!K25 -> 0
... A70: urban | B70: other | C70: BAU | D70: % of popl'n | E70: =MAX(0,(E$37*params!$L35+params!$M35)) -> 0.0030418051 | F70: =MAX(0,(F$37*params!$L35+params!$M35)) -> 0.0028195713 | G70: =MAX(0,(G$37*params!$L35+params!$M35)) -> 0.0025973375 | H70: =MAX(0,(H$37*params!$L35+params!$M35)) -> 0.0023751037 | I70: =MAX(0,(I$37*params!$L35+params!$M35)) -> 0.0021528699 | J70: =MAX(0,(J$37*params!$L35+params!$M35)) -> 0.0019306361 | K70: =MAX(0,(K$37*params!$L35+params!$M35)) -> 0.0017084023 | L70: =MAX(0,(L$37*params!$L35+params!$M35)) -> 0.0014861685 | ... S70: =MAX(0,(S$37*params!$L35+params!$M35)) -> 0 | T70: =S70+($AS70-$S70)/($AS$37-$S$37) -> 0 | U70: =T70+($AS70-$S70)/($AS$37-$S$37) -> 0 | V70: =U70+($AS70-$S70)/($AS$37-$S$37) -> 0 | W70: =V70+($AS70-$S70)/($AS$37-$S$37) -> 0 | X70: =W70+($AS70-$S70)/($AS$37-$S$37) -> 0 | Y70: =X70+($AS70-$S70)/($AS$37-$S$37) -> 0 | Z70: =Y70+($AS70-$S70)/($AS$37-$S$37) -> 0 | AA70: =Z70+($AS70-$S70)/($AS$37-$S$37) -> 0 | ... AR70: =AQ70+($AS70-$S70)/($AS$37-$S$37) -> 0 | AS70: =params!K35 -> 0
C71: M ppl | D71: Total | E71: =SUM(E72:E73) -> 19.564851 | F71: =SUM(F72:F73) -> 20.262615 | G71: =SUM(G72:G73) -> 20.97699 | H71: =SUM(H72:H73) -> 21.709318 | I71: =SUM(I72:I73) -> 22.461709 | J71: =SUM(J72:J73) -> 23.2357 | K71: =SUM(K72:K73) -> 24.031545 | L71: =SUM(L72:L73) -> 24.848539 | ... AS71: =SUM(AS72:AS73) -> 59.502518
D72: Rural | E72: {=_xlfn.XLOOKUP(1,(Population!$Y:$Y=E$1)*(Population!$Z:$Z=$D72),Population!$AA:$AA)/1000} -> 12.809514 | F72: {=_xlfn.XLOOKUP(1,(Population!$Y:$Y=F$1)*(Population!$Z:$Z=$D72),Population!$AA:$AA)/1000} -> 13.17848 | G72: {=_xlfn.XLOOKUP(1,(Population!$Y:$Y=G$1)*(Population!$Z:$Z=$D72),Population!$AA:$AA)/1000} -> 13.551942 | H72: {=_xlfn.XLOOKUP(1,(Population!$Y:$Y=H$1)*(Population!$Z:$Z=$D72),Population!$AA:$AA)/1000} -> 13.930476 | I72: {=_xlfn.XLOOKUP(1,(Population!$Y:$Y=I$1)*(Population!$Z:$Z=$D72),Population!$AA:$AA)/1000} -> 14.315223 | J72: {=_xlfn.XLOOKUP(1,(Population!$Y:$Y=J$1)*(Population!$Z:$Z=$D72),Population!$AA:$AA)/1000} -> 14.706907 | K72: {=_xlfn.XLOOKUP(1,(Population!$Y:$Y=K$1)*(Population!$Z:$Z=$D72),Population!$AA:$AA)/1000} -> 15.105299 | L72: {=_xlfn.XLOOKUP(1,(Population!$Y:$Y=L$1)*(Population!$Z:$Z=$D72),Population!$AA:$AA)/1000} -> 15.509514 | ... AS72: {=_xlfn.XLOOKUP(1,(Population!$Y:$Y=AS$1)*(Population!$Z:$Z=$D72),Population!$AA:$AA)/1000} -> 28.344777
D73: Urban | E73: {=_xlfn.XLOOKUP(1,(Population!$Y:$Y=E$1)*(Population!$Z:$Z=$D73),Population!$AA:$AA)/1000} -> 6.755337 | F73: {=_xlfn.XLOOKUP(1,(Population!$Y:$Y=F$1)*(Population!$Z:$Z=$D73),Population!$AA:$AA)/1000} -> 7.084135 | G73: {=_xlfn.XLOOKUP(1,(Population!$Y:$Y=G$1)*(Population!$Z:$Z=$D73),Population!$AA:$AA)/1000} -> 7.425048 | H73: {=_xlfn.XLOOKUP(1,(Population!$Y:$Y=H$1)*(Population!$Z:$Z=$D73),Population!$AA:$AA)/1000} -> 7.778842 | I73: {=_xlfn.XLOOKUP(1,(Population!$Y:$Y=I$1)*(Population!$Z:$Z=$D73),Population!$AA:$AA)/1000} -> 8.146486 | J73: {=_xlfn.XLOOKUP(1,(Population!$Y:$Y=J$1)*(Population!$Z:$Z=$D73),Population!$AA:$AA)/1000} -> 8.528793 | K73: {=_xlfn.XLOOKUP(1,(Population!$Y:$Y=K$1)*(Population!$Z:$Z=$D73),Population!$AA:$AA)/1000} -> 8.926246 | L73: {=_xlfn.XLOOKUP(1,(Population!$Y:$Y=L$1)*(Population!$Z:$Z=$D73),Population!$AA:$AA)/1000} -> 9.339025 | ... AS73: {=_xlfn.XLOOKUP(1,(Population!$Y:$Y=AS$1)*(Population!$Z:$Z=$D73),Population!$AA:$AA)/1000} -> 31.157741

Sheet BAU_Fuel_cons
A1: Mass/vol | B1: Fuel | C1: Scenario | D1: unit | E1: 2010 | F1: 2011 | G1: 2012 | H1: 2013 | I1: 2014 | J1: 2015 | K1: 2016 | L1: 2017 | M1: 2018 | N1: 2019 | O1: 2020 | P1: 2021 | Q1: 2022 | R1: 2023 | S1: 2024 | T1: 2025 | U1: 2026 | V1: 2027 | W1: 2028 | X1: 2029 | Y1: 2030 | Z1: 2031 | AA1: 2032 | AB1: 2033 | AC1: 2034 | AD1: 2035 | AE1: 2036 | AF1: 2037 | AG1: 2038 | AH1: 2039 | AI1: 2040 | AJ1: 2041 | AK1: 2042 | AL1: 2043 | AM1: 2044 | AN1: 2045 | AO1: 2046 | AP1: 2047 | AQ1: 2048 | AR1: 2049 | AS1: 2050 | AT1: For indexing | BD1: 2020 | BE1: 2025 | BF1: 2030 | BG1: 2035 | BH1: 2040 | BI1: 2045 | BJ1: 2050
A2: overall | B2: fuelwood | C2: BAU | D2: Mtons | E2: =SUM(E13,E24) -> 8.1533542 | F2: =SUM(F13,F24) -> 8.2889675 | G2: =SUM(G13,G24) -> 8.4207242 | H2: =SUM(H13,H24) -> 8.5487708 | I2: =SUM(I13,I24) -> 8.6735465 | J2: =SUM(J13,J24) -> 8.7952043 | K2: =SUM(K13,K24) -> 8.9133322 | L2: =SUM(L13,L24) -> 9.0271451 | ... AS2: =SUM(AS13,AS24) -> 4.1799752 | AT2: =_xlfn.TEXTJOIN("_",,A2,B2) -> overall_fuelwood | BC2: fuelwood | BD2: =_xlfn.XLOOKUP(BD$1,$N$1:$AS$1,$N4:$AS4)+_xlfn.XLOOKUP(BD$1,$N$1:$AS$1,$N2:$AS2) -> 9.3749296 | BE2: =_xlfn.XLOOKUP(BE$1,$N$1:$AS$1,$N4:$AS4)+_xlfn.XLOOKUP(BE$1,$N$1:$AS$1,$N2:$AS2) -> 9.70797 | BF2: =_xlfn.XLOOKUP(BF$1,$N$1:$AS$1,$N4:$AS4)+_xlfn.XLOOKUP(BF$1,$N$1:$AS$1,$N2:$AS2) -> 9.4542112 | BG2: =_xlfn.XLOOKUP(BG$1,$N$1:$AS$1,$N4:$AS4)+_xlfn.XLOOKUP(BG$1,$N$1:$AS$1,$N2:$AS2) -> 8.8405041 | BH2: =_xlfn.XLOOKUP(BH$1,$N$1:$AS$1,$N4:$AS4)+_xlfn.XLOOKUP(BH$1,$N$1:$AS$1,$N2:$AS2) -> 7.862165 | BI2: =_xlfn.XLOOKUP(BI$1,$N$1:$AS$1,$N4:$AS4)+_xlfn.XLOOKUP(BI$1,$N$1:$AS$1,$N2:$AS2) -> 6.5143436 | BJ2: =_xlfn.XLOOKUP(BJ$1,$N$1:$AS$1,$N4:$AS4)+_xlfn.XLOOKUP(BJ$1,$N$1:$AS$1,$N2:$AS2) -> 4.7973435
A3: overall | B3: charcoal | C3: BAU | D3: Mtons | E3: =SUM(E14,E25) -> 0.64716971 | F3: =SUM(F14,F25) -> 0.72045784 | G3: =SUM(G14,G25) -> 0.79788273 | H3: =SUM(H14,H25) -> 0.87963187 | I3: =SUM(I14,I25) -> 0.96593011 | J3: =SUM(J14,J25) -> 1.056999 | K3: =SUM(K14,K25) -> 1.1530251 | L3: =SUM(L14,L25) -> 1.2541544 | ... AS3: =SUM(AS14,AS25) -> 8.1207388 | AT3: =_xlfn.TEXTJOIN("_",,A3,B3) -> overall_charcoal | BB3: wood eq | BC3: charcoal | BD3: =6*(_xlfn.XLOOKUP(BD$1,$N$1:$AS$1,$N5:$AS5)+_xlfn.XLOOKUP(BD$1,$N$1:$AS$1,$N3:$AS3)) -> 9.5631076 | BE3: =6*(_xlfn.XLOOKUP(BE$1,$N$1:$AS$1,$N5:$AS5)+_xlfn.XLOOKUP(BE$1,$N$1:$AS$1,$N3:$AS3)) -> 13.701727 | BF3: =6*(_xlfn.XLOOKUP(BF$1,$N$1:$AS$1,$N5:$AS5)+_xlfn.XLOOKUP(BF$1,$N$1:$AS$1,$N3:$AS3)) -> 19.051219 | BG3: =6*(_xlfn.XLOOKUP(BG$1,$N$1:$AS$1,$N5:$AS5)+_xlfn.XLOOKUP(BG$1,$N$1:$AS$1,$N3:$AS3)) -> 25.272913 | BH3: =6*(_xlfn.XLOOKUP(BH$1,$N$1:$AS$1,$N5:$AS5)+_xlfn.XLOOKUP(BH$1,$N$1:$AS$1,$N3:$AS3)) -> 32.379752 | BI3: =6*(_xlfn.XLOOKUP(BI$1,$N$1:$AS$1,$N5:$AS5)+_xlfn.XLOOKUP(BI$1,$N$1:$AS$1,$N3:$AS3)) -> 40.359121 | BJ3: =6*(_xlfn.XLOOKUP(BJ$1,$N$1:$AS$1,$N5:$AS5)+_xlfn.XLOOKUP(BJ$1,$N$1:$AS$1,$N3:$AS3)) -> 49.136011
A4: overall | B4: Imp_fuelwood | C4: BAU | D4: Mtons | E4: =SUM(E15,E26) -> 0 | F4: =SUM(F15,F26) -> 0 | G4: =SUM(G15,G26) -> 0 | H4: =SUM(H15,H26) -> 0 | I4: =SUM(I15,I26) -> 0.0021722758 | J4: =SUM(J15,J26) -> 0.0071725358 | K4: =SUM(K15,K26) -> 0.012633371 | L4: =SUM(L15,L26) -> 0.018581235 | ... AS4: =SUM(AS15,AS26) -> 0.61736838 | AT4: =_xlfn.TEXTJOIN("_",,A4,B4) -> overall_Imp_fuelwood | BC4: Gas | BD4: =_xlfn.XLOOKUP(BD$1,$N$1:$AS$1,$N6:$AS6) -> 0.0018381231 | BE4: =_xlfn.XLOOKUP(BE$1,$N$1:$AS$1,$N6:$AS6) -> 0.0031011586 | BF4: =_xlfn.XLOOKUP(BF$1,$N$1:$AS$1,$N6:$AS6) -> 0.0030188871 | BG4: =_xlfn.XLOOKUP(BG$1,$N$1:$AS$1,$N6:$AS6) -> 0.0027117983 | BH4: =_xlfn.XLOOKUP(BH$1,$N$1:$AS$1,$N6:$AS6) -> 0.0021381412 | BI4: =_xlfn.XLOOKUP(BI$1,$N$1:$AS$1,$N6:$AS6) -> 0.001250969 | BJ4: =_xlfn.XLOOKUP(BJ$1,$N$1:$AS$1,$N6:$AS6) -> 0
A5: overall | B5: Imp_charcoal | C5: BAU | D5: Mtons | E5: =SUM(E16,E27) -> 0 | F5: =SUM(F16,F27) -> 0 | G5: =SUM(G16,G27) -> 0 | H5: =SUM(H16,H27) -> 0 | I5: =SUM(I16,I27) -> 0.00024136398 | J5: =SUM(J16,J27) -> 0.00079694842 | K5: =SUM(K16,K27) -> 0.0014037078 | L5: =SUM(L16,L27) -> 0.0020645816 | ... AS5: =SUM(AS16,AS27) -> 0.068596487 | AT5: =_xlfn.TEXTJOIN("_",,A5,B5) -> overall_Imp_charcoal | BC5: kerosene | BD5: =_xlfn.XLOOKUP(BD$1,$N$1:$AS$1,$N7:$AS7) -> 0.00014109146 | BE5: =_xlfn.XLOOKUP(BE$1,$N$1:$AS$1,$N7:$AS7) -> 0 | BF5: =_xlfn.XLOOKUP(BF$1,$N$1:$AS$1,$N7:$AS7) -> 0 | BG5: =_xlfn.XLOOKUP(BG$1,$N$1:$AS$1,$N7:$AS7) -> 0 | BH5: =_xlfn.XLOOKUP(BH$1,$N$1:$AS$1,$N7:$AS7) -> 0 | BI5: =_xlfn.XLOOKUP(BI$1,$N$1:$AS$1,$N7:$AS7) -> 0 | BJ5: =_xlfn.XLOOKUP(BJ$1,$N$1:$AS$1,$N7:$AS7) -> 0
A6: overall | B6: Gas | C6: BAU | D6: Mtons | E6: =SUM(E17,E28) -> 0.00010031991 | F6: =SUM(F17,F28) -> 0.00010039494 | G6: =SUM(G17,G28) -> 0.00021283209 | H6: =SUM(H17,H28) -> 0.00036209909 | I6: =SUM(I17,I28) -> 0.00052507656 | J6: =SUM(J17,J28) -> 0.00070259249 | K6: =SUM(K17,K28) -> 0.0008954988 | L6: =SUM(L17,L28) -> 0.0011046466 | ... AS6: =SUM(AS17,AS28) -> 0 | AT6: =_xlfn.TEXTJOIN("_",,A6,B6) -> overall_Gas | BC6: electric | BD6: =_xlfn.XLOOKUP(BD$1,$N$1:$AS$1,$N8:$AS8) -> 0.30835623 | BE6: =_xlfn.XLOOKUP(BE$1,$N$1:$AS$1,$N8:$AS8) -> 0.29081508 | BF6: =_xlfn.XLOOKUP(BF$1,$N$1:$AS$1,$N8:$AS8) -> 0.28277446 | BG6: =_xlfn.XLOOKUP(BG$1,$N$1:$AS$1,$N8:$AS8) -> 0.25374543 | BH6: =_xlfn.XLOOKUP(BH$1,$N$1:$AS$1,$N8:$AS8) -> 0.19987619 | BI6: =_xlfn.XLOOKUP(BI$1,$N$1:$AS$1,$N8:$AS8) -> 0.11683771 | BJ6: =_xlfn.XLOOKUP(BJ$1,$N$1:$AS$1,$N8:$AS8) -> 0
A7: overall | B7: kerosene | C7: BAU | D7: Mtons | E7: =SUM(E18,E29) -> 0.00033293868 | F7: =SUM(F18,F29) -> 0.00032359649 | G7: =SUM(G18,G29) -> 0.00031239257 | H7: =SUM(H18,H29) -> 0.0002992253 | I7: =SUM(I18,I29) -> 0.00028398911 | J7: =SUM(J18,J29) -> 0.00026655958 | K7: =SUM(K18,K29) -> 0.00024679143 | L7: =SUM(L18,L29) -> 0.00022452511 | ... AS7: =SUM(AS18,AS29) -> 0 | AT7: =_xlfn.TEXTJOIN("_",,A7,B7) -> overall_kerosene | BC7: pellets | BD7: =_xlfn.XLOOKUP(BD$1,$N$1:$AS$1,$N9:$AS9) -> 0 | BE7: =_xlfn.XLOOKUP(BE$1,$N$1:$AS$1,$N9:$AS9) -> 0 | BF7: =_xlfn.XLOOKUP(BF$1,$N$1:$AS$1,$N9:$AS9) -> 0 | BG7: =_xlfn.XLOOKUP(BG$1,$N$1:$AS$1,$N9:$AS9) -> 0 | BH7: =_xlfn.XLOOKUP(BH$1,$N$1:$AS$1,$N9:$AS9) -> 0 | BI7: =_xlfn.XLOOKUP(BI$1,$N$1:$AS$1,$N9:$AS9) -> 0 | BJ7: =_xlfn.XLOOKUP(BJ$1,$N$1:$AS$1,$N9:$AS9) -> 0
A8: overall | B8: electric | C8: BAU | D8: GWh | E8: =SUM(E19,E30) -> 0.29878207 | F8: =SUM(F19,F30) -> 0.30224992 | G8: =SUM(G19,G30) -> 0.30524228 | H8: =SUM(H19,H30) -> 0.30773827 | I8: =SUM(I19,I30) -> 0.30972077 | J8: =SUM(J19,J30) -> 0.31116114 | K8: =SUM(K19,K30) -> 0.3120141 | L8: =SUM(L19,L30) -> 0.31222153 | ... AS8: =SUM(AS19,AS30) -> 0 | AT8: =_xlfn.TEXTJOIN("_",,A8,B8) -> overall_electric | BC8: ethanol | BD8: =_xlfn.XLOOKUP(BD$1,$N$1:$AS$1,$N10:$AS10) -> 0 | BE8: =_xlfn.XLOOKUP(BE$1,$N$1:$AS$1,$N10:$AS10) -> 0 | BF8: =_xlfn.XLOOKUP(BF$1,$N$1:$AS$1,$N10:$AS10) -> 0 | BG8: =_xlfn.XLOOKUP(BG$1,$N$1:$AS$1,$N10:$AS10) -> 0 | BH8: =_xlfn.XLOOKUP(BH$1,$N$1:$AS$1,$N10:$AS10) -> 0 | BI8: =_xlfn.XLOOKUP(BI$1,$N$1:$AS$1,$N10:$AS10) -> 0 | BJ8: =_xlfn.XLOOKUP(BJ$1,$N$1:$AS$1,$N10:$AS10) -> 0
A9: overall | B9: pellets | C9: BAU | D9: Mtons | E9: =SUM(E20,E31) -> 0 | F9: =SUM(F20,F31) -> 0 | G9: =SUM(G20,G31) -> 0 | H9: =SUM(H20,H31) -> 0 | I9: =SUM(I20,I31) -> 0 | J9: =SUM(J20,J31) -> 0 | K9: =SUM(K20,K31) -> 0 | L9: =SUM(L20,L31) -> 0 | ... AS9: =SUM(AS20,AS31) -> 0 | AT9: =_xlfn.TEXTJOIN("_",,A9,B9) -> overall_pellets | BC9: biogas | BD9: =_xlfn.XLOOKUP(BD$1,$N$1:$AS$1,$N11:$AS11) -> 0 | BE9: =_xlfn.XLOOKUP(BE$1,$N$1:$AS$1,$N11:$AS11) -> 0 | BF9: =_xlfn.XLOOKUP(BF$1,$N$1:$AS$1,$N11:$AS11) -> 0 | BG9: =_xlfn.XLOOKUP(BG$1,$N$1:$AS$1,$N11:$AS11) -> 0 | BH9: =_xlfn.XLOOKUP(BH$1,$N$1:$AS$1,$N11:$AS11) -> 0 | BI9: =_xlfn.XLOOKUP(BI$1,$N$1:$AS$1,$N11:$AS11) -> 0 | BJ9: =_xlfn.XLOOKUP(BJ$1,$N$1:$AS$1,$N11:$AS11) -> 0
A10: overall | B10: ethanol | C10: BAU | D10: Mtons | E10: =SUM(E21,E32) -> 0 | F10: =SUM(F21,F32) -> 0 | G10: =SUM(G21,G32) -> 0 | H10: =SUM(H21,H32) -> 0 | I10: =SUM(I21,I32) -> 0 | J10: =SUM(J21,J32) -> 0 | K10: =SUM(K21,K32) -> 0 | L10: =SUM(L21,L32) -> 0 | ... AS10: =SUM(AS21,AS32) -> 0 | AT10: =_xlfn.TEXTJOIN("_",,A10,B10) -> overall_ethanol
A11: overall | B11: biogas | C11: BAU | D11: Mtons | E11: =SUM(E22,E33) -> 0 | F11: =SUM(F22,F33) -> 0 | G11: =SUM(G22,G33) -> 0 | H11: =SUM(H22,H33) -> 0 | I11: =SUM(I22,I33) -> 0 | J11: =SUM(J22,J33) -> 0 | K11: =SUM(K22,K33) -> 0 | L11: =SUM(L22,L33) -> 0 | ... AS11: =SUM(AS22,AS33) -> 0 | AT11: =_xlfn.TEXTJOIN("_",,A11,B11) -> overall_biogas | BB11: Total woodfuel | BC11: BAU | BD11: =SUM(BD2:BD3) -> 18.938037 | BE11: =SUM(BE2:BE3) -> 23.409697 | BF11: =SUM(BF2:BF3) -> 28.50543 | BG11: =SUM(BG2:BG3) -> 34.113417 | BH11: =SUM(BH2:BH3) -> 40.241917 | BI11: =SUM(BI2:BI3) -> 46.873465 | BJ11: =SUM(BJ2:BJ3) -> 53.933355
A12: overall | B12: other | C12: BAU | D12: Mtons | E12: =SUM(E23,E34) -> 0 | F12: =SUM(F23,F34) -> 0 | G12: =SUM(G23,G34) -> 0 | H12: =SUM(H23,H34) -> 0 | I12: =SUM(I23,I34) -> 0 | J12: =SUM(J23,J34) -> 0 | K12: =SUM(K23,K34) -> 0 | L12: =SUM(L23,L34) -> 0 | ... AS12: =SUM(AS23,AS34) -> 0 | AT12: =_xlfn.TEXTJOIN("_",,A12,B12) -> overall_other | BC12: NICCS | BD12: =SUM(NICCS_Fuel_cons!AU2:AU3) -> 18.938037 | BE12: =SUM(NICCS_Fuel_cons!AV2:AV3) -> 23.409697 | BF12: =SUM(NICCS_Fuel_cons!AW2:AW3) -> 20.498862 | BG12: =SUM(NICCS_Fuel_cons!AX2:AX3) -> 15.611967 | BH12: =SUM(NICCS_Fuel_cons!AY2:AY3) -> 8.524239 | BI12: =SUM(NICCS_Fuel_cons!AZ2:AZ3) -> 9.2974491 | BJ12: =SUM(NICCS_Fuel_cons!BA2:BA3) -> 10.03292
A13: rural | B13: fuelwood | C13: BAU | D13: Mtons | E13: =BAU_Scenario!E13*_xlfn.XLOOKUP($B13,params!$O$2:$O$12,params!$P$2:$P$12,0) -> 6.9722869 | F13: =BAU_Scenario!F13*_xlfn.XLOOKUP($B13,params!$O$2:$O$12,params!$P$2:$P$12,0) -> 7.0874977 | G13: =BAU_Scenario!G13*_xlfn.XLOOKUP($B13,params!$O$2:$O$12,params!$P$2:$P$12,0) -> 7.2003031 | H13: =BAU_Scenario!H13*_xlfn.XLOOKUP($B13,params!$O$2:$O$12,params!$P$2:$P$12,0) -> 7.3109177 | I13: =BAU_Scenario!I13*_xlfn.XLOOKUP($B13,params!$O$2:$O$12,params!$P$2:$P$12,0) -> 7.4198339 | J13: =BAU_Scenario!J13*_xlfn.XLOOKUP($B13,params!$O$2:$O$12,params!$P$2:$P$12,0) -> 7.5273014 | K13: =BAU_Scenario!K13*_xlfn.XLOOKUP($B13,params!$O$2:$O$12,params!$P$2:$P$12,0) -> 7.6330691 | L13: =BAU_Scenario!L13*_xlfn.XLOOKUP($B13,params!$O$2:$O$12,params!$P$2:$P$12,0) -> 7.7365648 | ... AS13: =BAU_Scenario!AS13*_xlfn.XLOOKUP($B13,params!$O$2:$O$12,params!$P$2:$P$12,0) -> 4.1799752 | AT13: =_xlfn.TEXTJOIN("_",,A13,B13) -> rural_fuelwood | BC13: % diff | BD13: =(BD12-BD11)/BD11 -> 0 | BE13: =(BE12-BE11)/BE11 -> -3.0352496e-16 | BF13: =(BF12-BF11)/BF11 -> -0.28087869 | BG13: =(BG12-BG11)/BG11 -> -0.54235114 | BH13: =(BH12-BH11)/BH11 -> -0.78817512 | BI13: =(BI12-BI11)/BI11 -> -0.80164792 | BJ13: =(BJ12-BJ11)/BJ11 -> -0.8139756
A14: rural | B14: charcoal | C14: BAU | D14: Mtons | E14: =BAU_Scenario!E14*_xlfn.XLOOKUP($B14,params!$O$2:$O$12,params!$P$2:$P$12,0) -> 0.016552592 | F14: =BAU_Scenario!F14*_xlfn.XLOOKUP($B14,params!$O$2:$O$12,params!$P$2:$P$12,0) -> 0.043658499 | G14: =BAU_Scenario!G14*_xlfn.XLOOKUP($B14,params!$O$2:$O$12,params!$P$2:$P$12,0) -> 0.072279491 | H14: =BAU_Scenario!H14*_xlfn.XLOOKUP($B14,params!$O$2:$O$12,params!$P$2:$P$12,0) -> 0.10244706 | I14: =BAU_Scenario!I14*_xlfn.XLOOKUP($B14,params!$O$2:$O$12,params!$P$2:$P$12,0) -> 0.13420264 | J14: =BAU_Scenario!J14*_xlfn.XLOOKUP($B14,params!$O$2:$O$12,params!$P$2:$P$12,0) -> 0.16759215 | K14: =BAU_Scenario!K14*_xlfn.XLOOKUP($B14,params!$O$2:$O$12,params!$P$2:$P$12,0) -> 0.20265457 | L14: =BAU_Scenario!L14*_xlfn.XLOOKUP($B14,params!$O$2:$O$12,params!$P$2:$P$12,0) -> 0.23941691 | ... AS14: =BAU_Scenario!AS14*_xlfn.XLOOKUP($B14,params!$O$2:$O$12,params!$P$2:$P$12,0) -> 3.3978706 | AT14: =_xlfn.TEXTJOIN("_",,A14,B14) -> rural_charcoal | BC14: % of total cooking energy | BD14: =BD11/SUM(BD2:BD9) -> 0.98387732 | BE14: =BE11/SUM(BE2:BE9) -> 0.98760036 | BF14: =BF11/SUM(BF2:BF9) -> 0.99007359 | BG14: =BG11/SUM(BG2:BG9) -> 0.99253831 | BH14: =BH11/SUM(BH2:BH9) -> 0.99500508 | BI14: =BI11/SUM(BI2:BI9) -> 0.99748702 | BJ14: =BJ11/SUM(BJ2:BJ9) -> 1
A15: rural | B15: Imp_fuelwood | C15: BAU | D15: Mtons | E15: =BAU_Scenario!E15*_xlfn.XLOOKUP($B15,params!$O$2:$O$12,params!$P$2:$P$12,0) -> 0 | F15: =BAU_Scenario!F15*_xlfn.XLOOKUP($B15,params!$O$2:$O$12,params!$P$2:$P$12,0) -> 0 | G15: =BAU_Scenario!G15*_xlfn.XLOOKUP($B15,params!$O$2:$O$12,params!$P$2:$P$12,0) -> 0 | H15: =BAU_Scenario!H15*_xlfn.XLOOKUP($B15,params!$O$2:$O$12,params!$P$2:$P$12,0) -> 0 | I15: =BAU_Scenario!I15*_xlfn.XLOOKUP($B15,params!$O$2:$O$12,params!$P$2:$P$12,0) -> 0 | J15: =BAU_Scenario!J15*_xlfn.XLOOKUP($B15,params!$O$2:$O$12,params!$P$2:$P$12,0) -> 0 | K15: =BAU_Scenario!K15*_xlfn.XLOOKUP($B15,params!$O$2:$O$12,params!$P$2:$P$12,0) -> 0 | L15: =BAU_Scenario!L15*_xlfn.XLOOKUP($B15,params!$O$2:$O$12,params!$P$2:$P$12,0) -> 0 | ... AS15: =BAU_Scenario!AS15*_xlfn.XLOOKUP($B15,params!$O$2:$O$12,params!$P$2:$P$12,0) -> 0 | AT15: =_xlfn.TEXTJOIN("_",,A15,B15) -> rural_Imp_fuelwood
A16: rural | B16: Imp_charcoal | C16: BAU | D16: Mtons | E16: =BAU_Scenario!E16*_xlfn.XLOOKUP($B16,params!$O$2:$O$12,params!$P$2:$P$12,0) -> 0 | F16: =BAU_Scenario!F16*_xlfn.XLOOKUP($B16,params!$O$2:$O$12,params!$P$2:$P$12,0) -> 0 | G16: =BAU_Scenario!G16*_xlfn.XLOOKUP($B16,params!$O$2:$O$12,params!$P$2:$P$12,0) -> 0 | H16: =BAU_Scenario!H16*_xlfn.XLOOKUP($B16,params!$O$2:$O$12,params!$P$2:$P$12,0) -> 0 | I16: =BAU_Scenario!I16*_xlfn.XLOOKUP($B16,params!$O$2:$O$12,params!$P$2:$P$12,0) -> 0 | J16: =BAU_Scenario!J16*_xlfn.XLOOKUP($B16,params!$O$2:$O$12,params!$P$2:$P$12,0) -> 0 | K16: =BAU_Scenario!K16*_xlfn.XLOOKUP($B16,params!$O$2:$O$12,params!$P$2:$P$12,0) -> 0 | L16: =BAU_Scenario!L16*_xlfn.XLOOKUP($B16,params!$O$2:$O$12,params!$P$2:$P$12,0) -> 0 | ... AS16: =BAU_Scenario!AS16*_xlfn.XLOOKUP($B16,params!$O$2:$O$12,params!$P$2:$P$12,0) -> 0 | AT16: =_xlfn.TEXTJOIN("_",,A16,B16) -> rural_Imp_charcoal | BC16: fuelwood | BD16: =_xlfn.XLOOKUP(BD$1,$N$1:$AS$1,$N2:$AS2) -> 9.3353151 | BE16: =_xlfn.XLOOKUP(BE$1,$N$1:$AS$1,$N2:$AS2) -> 9.621631 | BF16: =_xlfn.XLOOKUP(BF$1,$N$1:$AS$1,$N2:$AS2) -> 9.3061476 | BG16: =_xlfn.XLOOKUP(BG$1,$N$1:$AS$1,$N2:$AS2) -> 8.6114657 | BH16: =_xlfn.XLOOKUP(BH$1,$N$1:$AS$1,$N2:$AS2) -> 7.5299275 | BI16: =_xlfn.XLOOKUP(BI$1,$N$1:$AS$1,$N2:$AS2) -> 6.0535559 | BJ16: =_xlfn.XLOOKUP(BJ$1,$N$1:$AS$1,$N2:$AS2) -> 4.1799752
A17: rural | B17: Gas | C17: BAU | D17: Mtons | E17: =BAU_Scenario!E17*_xlfn.XLOOKUP($B17,params!$O$2:$O$12,params!$P$2:$P$12,0) -> 0.00010031991 | F17: =BAU_Scenario!F17*_xlfn.XLOOKUP($B17,params!$O$2:$O$12,params!$P$2:$P$12,0) -> 0.00010039494 | G17: =BAU_Scenario!G17*_xlfn.XLOOKUP($B17,params!$O$2:$O$12,params!$P$2:$P$12,0) -> 0.00010034564 | H17: =BAU_Scenario!H17*_xlfn.XLOOKUP($B17,params!$O$2:$O$12,params!$P$2:$P$12,0) -> 0.0001001733 | I17: =BAU_Scenario!I17*_xlfn.XLOOKUP($B17,params!$O$2:$O$12,params!$P$2:$P$12,0) -> 9.9882616e-05 | J17: =BAU_Scenario!J17*_xlfn.XLOOKUP($B17,params!$O$2:$O$12,params!$P$2:$P$12,0) -> 9.9474507e-05 | K17: =BAU_Scenario!K17*_xlfn.XLOOKUP($B17,params!$O$2:$O$12,params!$P$2:$P$12,0) -> 9.8943029e-05 | L17: =BAU_Scenario!L17*_xlfn.XLOOKUP($B17,params!$O$2:$O$12,params!$P$2:$P$12,0) -> 9.8278275e-05 | ... AS17: =BAU_Scenario!AS17*_xlfn.XLOOKUP($B17,params!$O$2:$O$12,params!$P$2:$P$12,0) -> 0 | AT17: =_xlfn.TEXTJOIN("_",,A17,B17) -> rural_Gas | BC17: charcoal | BD17: =_xlfn.XLOOKUP(BD$1,$N$1:$AS$1,$N3:$AS3) -> 1.5894496 | BE17: =_xlfn.XLOOKUP(BE$1,$N$1:$AS$1,$N3:$AS3) -> 2.2740279 | BF17: =_xlfn.XLOOKUP(BF$1,$N$1:$AS$1,$N3:$AS3) -> 3.1587516 | BG17: =_xlfn.XLOOKUP(BG$1,$N$1:$AS$1,$N3:$AS3) -> 4.1867035 | BH17: =_xlfn.XLOOKUP(BH$1,$N$1:$AS$1,$N3:$AS3) -> 5.35971 | BI17: =_xlfn.XLOOKUP(BI$1,$N$1:$AS$1,$N3:$AS3) -> 6.6753216 | BJ17: =_xlfn.XLOOKUP(BJ$1,$N$1:$AS$1,$N3:$AS3) -> 8.1207388
A18: rural | B18: kerosene | C18: BAU | D18: Mtons | E18: =BAU_Scenario!E18*_xlfn.XLOOKUP($B18,params!$O$2:$O$12,params!$P$2:$P$12,0) -> 0 | F18: =BAU_Scenario!F18*_xlfn.XLOOKUP($B18,params!$O$2:$O$12,params!$P$2:$P$12,0) -> 0 | G18: =BAU_Scenario!G18*_xlfn.XLOOKUP($B18,params!$O$2:$O$12,params!$P$2:$P$12,0) -> 0 | H18: =BAU_Scenario!H18*_xlfn.XLOOKUP($B18,params!$O$2:$O$12,params!$P$2:$P$12,0) -> 0 | I18: =BAU_Scenario!I18*_xlfn.XLOOKUP($B18,params!$O$2:$O$12,params!$P$2:$P$12,0) -> 0 | J18: =BAU_Scenario!J18*_xlfn.XLOOKUP($B18,params!$O$2:$O$12,params!$P$2:$P$12,0) -> 0 | K18: =BAU_Scenario!K18*_xlfn.XLOOKUP($B18,params!$O$2:$O$12,params!$P$2:$P$12,0) -> 0 | L18: =BAU_Scenario!L18*_xlfn.XLOOKUP($B18,params!$O$2:$O$12,params!$P$2:$P$12,0) -> 0 | ... AS18: =BAU_Scenario!AS18*_xlfn.XLOOKUP($B18,params!$O$2:$O$12,params!$P$2:$P$12,0) -> 0 | AT18: =_xlfn.TEXTJOIN("_",,A18,B18) -> rural_kerosene | BC18: Imp_fuelwood | BD18: =_xlfn.XLOOKUP(BD$1,$N$1:$AS$1,$N4:$AS4) -> 0.039614533 | BE18: =_xlfn.XLOOKUP(BE$1,$N$1:$AS$1,$N4:$AS4) -> 0.08633902 | BF18: =_xlfn.XLOOKUP(BF$1,$N$1:$AS$1,$N4:$AS4) -> 0.14806354 | BG18: =_xlfn.XLOOKUP(BG$1,$N$1:$AS$1,$N4:$AS4) -> 0.22903838 | BH18: =_xlfn.XLOOKUP(BH$1,$N$1:$AS$1,$N4:$AS4) -> 0.33223753 | BI18: =_xlfn.XLOOKUP(BI$1,$N$1:$AS$1,$N4:$AS4) -> 0.46078763 | BJ18: =_xlfn.XLOOKUP(BJ$1,$N$1:$AS$1,$N4:$AS4) -> 0.61736838
A19: rural | B19: electric | C19: BAU | D19: GWh | E19: =BAU_Scenario!E19*_xlfn.XLOOKUP($B19,params!$O$2:$O$12,params!$P$2:$P$12,0) -> 0.023503145 | F19: =BAU_Scenario!F19*_xlfn.XLOOKUP($B19,params!$O$2:$O$12,params!$P$2:$P$12,0) -> 0.023080415 | G19: =BAU_Scenario!G19*_xlfn.XLOOKUP($B19,params!$O$2:$O$12,params!$P$2:$P$12,0) -> 0.022603605 | H19: =BAU_Scenario!H19*_xlfn.XLOOKUP($B19,params!$O$2:$O$12,params!$P$2:$P$12,0) -> 0.022072503 | I19: =BAU_Scenario!I19*_xlfn.XLOOKUP($B19,params!$O$2:$O$12,params!$P$2:$P$12,0) -> 0.021487551 | J19: =BAU_Scenario!J19*_xlfn.XLOOKUP($B19,params!$O$2:$O$12,params!$P$2:$P$12,0) -> 0.020848219 | K19: =BAU_Scenario!K19*_xlfn.XLOOKUP($B19,params!$O$2:$O$12,params!$P$2:$P$12,0) -> 0.020152467 | L19: =BAU_Scenario!L19*_xlfn.XLOOKUP($B19,params!$O$2:$O$12,params!$P$2:$P$12,0) -> 0.019397508 | ... AS19: =BAU_Scenario!AS19*_xlfn.XLOOKUP($B19,params!$O$2:$O$12,params!$P$2:$P$12,0) -> 0 | AT19: =_xlfn.TEXTJOIN("_",,A19,B19) -> rural_electric | BC19: Imp_charcoal | BD19: =_xlfn.XLOOKUP(BD$1,$N$1:$AS$1,$N5:$AS5) -> 0.0044016148 | BE19: =_xlfn.XLOOKUP(BE$1,$N$1:$AS$1,$N5:$AS5) -> 0.0095932244 | BF19: =_xlfn.XLOOKUP(BF$1,$N$1:$AS$1,$N5:$AS5) -> 0.016451505 | BG19: =_xlfn.XLOOKUP(BG$1,$N$1:$AS$1,$N5:$AS5) -> 0.025448709 | BH19: =_xlfn.XLOOKUP(BH$1,$N$1:$AS$1,$N5:$AS5) -> 0.036915281 | BI19: =_xlfn.XLOOKUP(BI$1,$N$1:$AS$1,$N5:$AS5) -> 0.051198626 | BJ19: =_xlfn.XLOOKUP(BJ$1,$N$1:$AS$1,$N5:$AS5) -> 0.068596487
A20: rural | B20: pellets | C20: BAU | D20: Mtons | E20: =BAU_Scenario!E20*_xlfn.XLOOKUP($B20,params!$O$2:$O$12,params!$P$2:$P$12,0) -> 0 | F20: =BAU_Scenario!F20*_xlfn.XLOOKUP($B20,params!$O$2:$O$12,params!$P$2:$P$12,0) -> 0 | G20: =BAU_Scenario!G20*_xlfn.XLOOKUP($B20,params!$O$2:$O$12,params!$P$2:$P$12,0) -> 0 | H20: =BAU_Scenario!H20*_xlfn.XLOOKUP($B20,params!$O$2:$O$12,params!$P$2:$P$12,0) -> 0 | I20: =BAU_Scenario!I20*_xlfn.XLOOKUP($B20,params!$O$2:$O$12,params!$P$2:$P$12,0) -> 0 | J20: =BAU_Scenario!J20*_xlfn.XLOOKUP($B20,params!$O$2:$O$12,params!$P$2:$P$12,0) -> 0 | K20: =BAU_Scenario!K20*_xlfn.XLOOKUP($B20,params!$O$2:$O$12,params!$P$2:$P$12,0) -> 0 | L20: =BAU_Scenario!L20*_xlfn.XLOOKUP($B20,params!$O$2:$O$12,params!$P$2:$P$12,0) -> 0 | ... AS20: =BAU_Scenario!AS20*_xlfn.XLOOKUP($B20,params!$O$2:$O$12,params!$P$2:$P$12,0) -> 0 | AT20: =_xlfn.TEXTJOIN("_",,A20,B20) -> rural_pellets | BC20: Gas | BD20: =_xlfn.XLOOKUP(BD$1,$N$1:$AS$1,$N6:$AS6) -> 0.0018381231 | BE20: =_xlfn.XLOOKUP(BE$1,$N$1:$AS$1,$N6:$AS6) -> 0.0031011586 | BF20: =_xlfn.XLOOKUP(BF$1,$N$1:$AS$1,$N6:$AS6) -> 0.0030188871 | BG20: =_xlfn.XLOOKUP(BG$1,$N$1:$AS$1,$N6:$AS6) -> 0.0027117983 | BH20: =_xlfn.XLOOKUP(BH$1,$N$1:$AS$1,$N6:$AS6) -> 0.0021381412 | BI20: =_xlfn.XLOOKUP(BI$1,$N$1:$AS$1,$N6:$AS6) -> 0.001250969 | BJ20: =_xlfn.XLOOKUP(BJ$1,$N$1:$AS$1,$N6:$AS6) -> 0
A21: rural | B21: ethanol | C21: BAU | D21: Mtons | E21: =BAU_Scenario!E21*_xlfn.XLOOKUP($B21,params!$O$2:$O$12,params!$P$2:$P$12,0) -> 0 | F21: =BAU_Scenario!F21*_xlfn.XLOOKUP($B21,params!$O$2:$O$12,params!$P$2:$P$12,0) -> 0 | G21: =BAU_Scenario!G21*_xlfn.XLOOKUP($B21,params!$O$2:$O$12,params!$P$2:$P$12,0) -> 0 | H21: =BAU_Scenario!H21*_xlfn.XLOOKUP($B21,params!$O$2:$O$12,params!$P$2:$P$12,0) -> 0 | I21: =BAU_Scenario!I21*_xlfn.XLOOKUP($B21,params!$O$2:$O$12,params!$P$2:$P$12,0) -> 0 | J21: =BAU_Scenario!J21*_xlfn.XLOOKUP($B21,params!$O$2:$O$12,params!$P$2:$P$12,0) -> 0 | K21: =BAU_Scenario!K21*_xlfn.XLOOKUP($B21,params!$O$2:$O$12,params!$P$2:$P$12,0) -> 0 | L21: =BAU_Scenario!L21*_xlfn.XLOOKUP($B21,params!$O$2:$O$12,params!$P$2:$P$12,0) -> 0 | ... AS21: =BAU_Scenario!AS21*_xlfn.XLOOKUP($B21,params!$O$2:$O$12,params!$P$2:$P$12,0) -> 0 | AT21: =_xlfn.TEXTJOIN("_",,A21,B21) -> rural_ethanol | BC21: kerosene | BD21: =_xlfn.XLOOKUP(BD$1,$N$1:$AS$1,$N7:$AS7) -> 0.00014109146 | BE21: =_xlfn.XLOOKUP(BE$1,$N$1:$AS$1,$N7:$AS7) -> 0 | BF21: =_xlfn.XLOOKUP(BF$1,$N$1:$AS$1,$N7:$AS7) -> 0 | BG21: =_xlfn.XLOOKUP(BG$1,$N$1:$AS$1,$N7:$AS7) -> 0 | BH21: =_xlfn.XLOOKUP(BH$1,$N$1:$AS$1,$N7:$AS7) -> 0 | BI21: =_xlfn.XLOOKUP(BI$1,$N$1:$AS$1,$N7:$AS7) -> 0 | BJ21: =_xlfn.XLOOKUP(BJ$1,$N$1:$AS$1,$N7:$AS7) -> 0
A22: rural | B22: biogas | C22: BAU | D22: Mtons | E22: =BAU_Scenario!E22*_xlfn.XLOOKUP($B22,params!$O$2:$O$12,params!$P$2:$P$12,0) -> 0 | F22: =BAU_Scenario!F22*_xlfn.XLOOKUP($B22,params!$O$2:$O$12,params!$P$2:$P$12,0) -> 0 | G22: =BAU_Scenario!G22*_xlfn.XLOOKUP($B22,params!$O$2:$O$12,params!$P$2:$P$12,0) -> 0 | H22: =BAU_Scenario!H22*_xlfn.XLOOKUP($B22,params!$O$2:$O$12,params!$P$2:$P$12,0) -> 0 | I22: =BAU_Scenario!I22*_xlfn.XLOOKUP($B22,params!$O$2:$O$12,params!$P$2:$P$12,0) -> 0 | J22: =BAU_Scenario!J22*_xlfn.XLOOKUP($B22,params!$O$2:$O$12,params!$P$2:$P$12,0) -> 0 | K22: =BAU_Scenario!K22*_xlfn.XLOOKUP($B22,params!$O$2:$O$12,params!$P$2:$P$12,0) -> 0 | L22: =BAU_Scenario!L22*_xlfn.XLOOKUP($B22,params!$O$2:$O$12,params!$P$2:$P$12,0) -> 0 | ... AS22: =BAU_Scenario!AS22*_xlfn.XLOOKUP($B22,params!$O$2:$O$12,params!$P$2:$P$12,0) -> 0 | AT22: =_xlfn.TEXTJOIN("_",,A22,B22) -> rural_biogas | BC22: electric | BD22: =_xlfn.XLOOKUP(BD$1,$N$1:$AS$1,$N8:$AS8) -> 0.30835623 | BE22: =_xlfn.XLOOKUP(BE$1,$N$1:$AS$1,$N8:$AS8) -> 0.29081508 | BF22: =_xlfn.XLOOKUP(BF$1,$N$1:$AS$1,$N8:$AS8) -> 0.28277446 | BG22: =_xlfn.XLOOKUP(BG$1,$N$1:$AS$1,$N8:$AS8) -> 0.25374543 | BH22: =_xlfn.XLOOKUP(BH$1,$N$1:$AS$1,$N8:$AS8) -> 0.19987619 | BI22: =_xlfn.XLOOKUP(BI$1,$N$1:$AS$1,$N8:$AS8) -> 0.11683771 | BJ22: =_xlfn.XLOOKUP(BJ$1,$N$1:$AS$1,$N8:$AS8) -> 0
A23: rural | B23: other | C23: BAU | D23: Mtons | E23: =BAU_Scenario!E23*_xlfn.XLOOKUP($B23,params!$O$2:$O$12,params!$P$2:$P$12,0) -> 0 | F23: =BAU_Scenario!F23*_xlfn.XLOOKUP($B23,params!$O$2:$O$12,params!$P$2:$P$12,0) -> 0 | G23: =BAU_Scenario!G23*_xlfn.XLOOKUP($B23,params!$O$2:$O$12,params!$P$2:$P$12,0) -> 0 | H23: =BAU_Scenario!H23*_xlfn.XLOOKUP($B23,params!$O$2:$O$12,params!$P$2:$P$12,0) -> 0 | I23: =BAU_Scenario!I23*_xlfn.XLOOKUP($B23,params!$O$2:$O$12,params!$P$2:$P$12,0) -> 0 | J23: =BAU_Scenario!J23*_xlfn.XLOOKUP($B23,params!$O$2:$O$12,params!$P$2:$P$12,0) -> 0 | K23: =BAU_Scenario!K23*_xlfn.XLOOKUP($B23,params!$O$2:$O$12,params!$P$2:$P$12,0) -> 0 | L23: =BAU_Scenario!L23*_xlfn.XLOOKUP($B23,params!$O$2:$O$12,params!$P$2:$P$12,0) -> 0 | ... AS23: =BAU_Scenario!AS23*_xlfn.XLOOKUP($B23,params!$O$2:$O$12,params!$P$2:$P$12,0) -> 0 | AT23: =_xlfn.TEXTJOIN("_",,A23,B23) -> rural_other | BC23: pellets | BD23: =_xlfn.XLOOKUP(BD$1,$N$1:$AS$1,$N9:$AS9) -> 0 | BE23: =_xlfn.XLOOKUP(BE$1,$N$1:$AS$1,$N9:$AS9) -> 0 | BF23: =_xlfn.XLOOKUP(BF$1,$N$1:$AS$1,$N9:$AS9) -> 0 | BG23: =_xlfn.XLOOKUP(BG$1,$N$1:$AS$1,$N9:$AS9) -> 0 | BH23: =_xlfn.XLOOKUP(BH$1,$N$1:$AS$1,$N9:$AS9) -> 0 | BI23: =_xlfn.XLOOKUP(BI$1,$N$1:$AS$1,$N9:$AS9) -> 0 | BJ23: =_xlfn.XLOOKUP(BJ$1,$N$1:$AS$1,$N9:$AS9) -> 0
A24: urban | B24: fuelwood | C24: BAU | D24: Mtons | E24: =BAU_Scenario!E24*_xlfn.XLOOKUP($B24,params!$O$2:$O$12,params!$P$2:$P$12,0) -> 1.1810674 | F24: =BAU_Scenario!F24*_xlfn.XLOOKUP($B24,params!$O$2:$O$12,params!$P$2:$P$12,0) -> 1.2014697 | G24: =BAU_Scenario!G24*_xlfn.XLOOKUP($B24,params!$O$2:$O$12,params!$P$2:$P$12,0) -> 1.2204211 | H24: =BAU_Scenario!H24*_xlfn.XLOOKUP($B24,params!$O$2:$O$12,params!$P$2:$P$12,0) -> 1.2378531 | I24: =BAU_Scenario!I24*_xlfn.XLOOKUP($B24,params!$O$2:$O$12,params!$P$2:$P$12,0) -> 1.2537126 | J24: =BAU_Scenario!J24*_xlfn.XLOOKUP($B24,params!$O$2:$O$12,params!$P$2:$P$12,0) -> 1.2679029 | K24: =BAU_Scenario!K24*_xlfn.XLOOKUP($B24,params!$O$2:$O$12,params!$P$2:$P$12,0) -> 1.2802632 | L24: =BAU_Scenario!L24*_xlfn.XLOOKUP($B24,params!$O$2:$O$12,params!$P$2:$P$12,0) -> 1.2905803 | ... AS24: =BAU_Scenario!AS24*_xlfn.XLOOKUP($B24,params!$O$2:$O$12,params!$P$2:$P$12,0) -> 0 | AT24: =_xlfn.TEXTJOIN("_",,A24,B24) -> urban_fuelwood | BC24: ethanol | BD24: =_xlfn.XLOOKUP(BD$1,$N$1:$AS$1,$N10:$AS10) -> 0 | BE24: =_xlfn.XLOOKUP(BE$1,$N$1:$AS$1,$N10:$AS10) -> 0 | BF24: =_xlfn.XLOOKUP(BF$1,$N$1:$AS$1,$N10:$AS10) -> 0 | BG24: =_xlfn.XLOOKUP(BG$1,$N$1:$AS$1,$N10:$AS10) -> 0 | BH24: =_xlfn.XLOOKUP(BH$1,$N$1:$AS$1,$N10:$AS10) -> 0 | BI24: =_xlfn.XLOOKUP(BI$1,$N$1:$AS$1,$N10:$AS10) -> 0 | BJ24: =_xlfn.XLOOKUP(BJ$1,$N$1:$AS$1,$N10:$AS10) -> 0
A25: urban | B25: charcoal | C25: BAU | D25: Mtons | E25: =BAU_Scenario!E25*_xlfn.XLOOKUP($B25,params!$O$2:$O$12,params!$P$2:$P$12,0) -> 0.63061712 | F25: =BAU_Scenario!F25*_xlfn.XLOOKUP($B25,params!$O$2:$O$12,params!$P$2:$P$12,0) -> 0.67679934 | G25: =BAU_Scenario!G25*_xlfn.XLOOKUP($B25,params!$O$2:$O$12,params!$P$2:$P$12,0) -> 0.72560324 | H25: =BAU_Scenario!H25*_xlfn.XLOOKUP($B25,params!$O$2:$O$12,params!$P$2:$P$12,0) -> 0.77718481 | I25: =BAU_Scenario!I25*_xlfn.XLOOKUP($B25,params!$O$2:$O$12,params!$P$2:$P$12,0) -> 0.83172747 | J25: =BAU_Scenario!J25*_xlfn.XLOOKUP($B25,params!$O$2:$O$12,params!$P$2:$P$12,0) -> 0.88940686 | K25: =BAU_Scenario!K25*_xlfn.XLOOKUP($B25,params!$O$2:$O$12,params!$P$2:$P$12,0) -> 0.95037056 | L25: =BAU_Scenario!L25*_xlfn.XLOOKUP($B25,params!$O$2:$O$12,params!$P$2:$P$12,0) -> 1.0147375 | ... AS25: =BAU_Scenario!AS25*_xlfn.XLOOKUP($B25,params!$O$2:$O$12,params!$P$2:$P$12,0) -> 4.7228681 | AT25: =_xlfn.TEXTJOIN("_",,A25,B25) -> urban_charcoal | BC25: biogas | BD25: =_xlfn.XLOOKUP(BD$1,$N$1:$AS$1,$N11:$AS11) -> 0 | BE25: =_xlfn.XLOOKUP(BE$1,$N$1:$AS$1,$N11:$AS11) -> 0 | BF25: =_xlfn.XLOOKUP(BF$1,$N$1:$AS$1,$N11:$AS11) -> 0 | BG25: =_xlfn.XLOOKUP(BG$1,$N$1:$AS$1,$N11:$AS11) -> 0 | BH25: =_xlfn.XLOOKUP(BH$1,$N$1:$AS$1,$N11:$AS11) -> 0 | BI25: =_xlfn.XLOOKUP(BI$1,$N$1:$AS$1,$N11:$AS11) -> 0 | BJ25: =_xlfn.XLOOKUP(BJ$1,$N$1:$AS$1,$N11:$AS11) -> 0
A26: urban | B26: Imp_fuelwood | C26: BAU | D26: Mtons | E26: =BAU_Scenario!E26*_xlfn.XLOOKUP($B26,params!$O$2:$O$12,params!$P$2:$P$12,0) -> 0 | F26: =BAU_Scenario!F26*_xlfn.XLOOKUP($B26,params!$O$2:$O$12,params!$P$2:$P$12,0) -> 0 | G26: =BAU_Scenario!G26*_xlfn.XLOOKUP($B26,params!$O$2:$O$12,params!$P$2:$P$12,0) -> 0 | H26: =BAU_Scenario!H26*_xlfn.XLOOKUP($B26,params!$O$2:$O$12,params!$P$2:$P$12,0) -> 0 | I26: =BAU_Scenario!I26*_xlfn.XLOOKUP($B26,params!$O$2:$O$12,params!$P$2:$P$12,0) -> 0.0021722758 | J26: =BAU_Scenario!J26*_xlfn.XLOOKUP($B26,params!$O$2:$O$12,params!$P$2:$P$12,0) -> 0.0071725358 | K26: =BAU_Scenario!K26*_xlfn.XLOOKUP($B26,params!$O$2:$O$12,params!$P$2:$P$12,0) -> 0.012633371 | L26: =BAU_Scenario!L26*_xlfn.XLOOKUP($B26,params!$O$2:$O$12,params!$P$2:$P$12,0) -> 0.018581235 | ... AS26: =BAU_Scenario!AS26*_xlfn.XLOOKUP($B26,params!$O$2:$O$12,params!$P$2:$P$12,0) -> 0.61736838 | AT26: =_xlfn.TEXTJOIN("_",,A26,B26) -> urban_Imp_fuelwood
A27: urban | B27: Imp_charcoal | C27: BAU | D27: Mtons | E27: =BAU_Scenario!E27*_xlfn.XLOOKUP($B27,params!$O$2:$O$12,params!$P$2:$P$12,0) -> 0 | F27: =BAU_Scenario!F27*_xlfn.XLOOKUP($B27,params!$O$2:$O$12,params!$P$2:$P$12,0) -> 0 | G27: =BAU_Scenario!G27*_xlfn.XLOOKUP($B27,params!$O$2:$O$12,params!$P$2:$P$12,0) -> 0 | H27: =BAU_Scenario!H27*_xlfn.XLOOKUP($B27,params!$O$2:$O$12,params!$P$2:$P$12,0) -> 0 | I27: =BAU_Scenario!I27*_xlfn.XLOOKUP($B27,params!$O$2:$O$12,params!$P$2:$P$12,0) -> 0.00024136398 | J27: =BAU_Scenario!J27*_xlfn.XLOOKUP($B27,params!$O$2:$O$12,params!$P$2:$P$12,0) -> 0.00079694842 | K27: =BAU_Scenario!K27*_xlfn.XLOOKUP($B27,params!$O$2:$O$12,params!$P$2:$P$12,0) -> 0.0014037078 | L27: =BAU_Scenario!L27*_xlfn.XLOOKUP($B27,params!$O$2:$O$12,params!$P$2:$P$12,0) -> 0.0020645816 | ... AS27: =BAU_Scenario!AS27*_xlfn.XLOOKUP($B27,params!$O$2:$O$12,params!$P$2:$P$12,0) -> 0.068596487 | AT27: =_xlfn.TEXTJOIN("_",,A27,B27) -> urban_Imp_charcoal | BB27: Trad woodfuel | BC27: BAU | BD27: =SUM(BD16:BD17) -> 10.924765 | BE27: =SUM(BE16:BE17) -> 11.895659 | BF27: =SUM(BF16:BF17) -> 12.464899 | BG27: =SUM(BG16:BG17) -> 12.798169 | BH27: =SUM(BH16:BH17) -> 12.889637 | BI27: =SUM(BI16:BI17) -> 12.728878 | BJ27: =SUM(BJ16:BJ17) -> 12.300714
A28: urban | B28: Gas | C28: BAU | D28: Mtons | E28: =BAU_Scenario!E28*_xlfn.XLOOKUP($B28,params!$O$2:$O$12,params!$P$2:$P$12,0) -> 0 | F28: =BAU_Scenario!F28*_xlfn.XLOOKUP($B28,params!$O$2:$O$12,params!$P$2:$P$12,0) -> 0 | G28: =BAU_Scenario!G28*_xlfn.XLOOKUP($B28,params!$O$2:$O$12,params!$P$2:$P$12,0) -> 0.00011248645 | H28: =BAU_Scenario!H28*_xlfn.XLOOKUP($B28,params!$O$2:$O$12,params!$P$2:$P$12,0) -> 0.00026192579 | I28: =BAU_Scenario!I28*_xlfn.XLOOKUP($B28,params!$O$2:$O$12,params!$P$2:$P$12,0) -> 0.00042519395 | J28: =BAU_Scenario!J28*_xlfn.XLOOKUP($B28,params!$O$2:$O$12,params!$P$2:$P$12,0) -> 0.00060311798 | K28: =BAU_Scenario!K28*_xlfn.XLOOKUP($B28,params!$O$2:$O$12,params!$P$2:$P$12,0) -> 0.00079655578 | L28: =BAU_Scenario!L28*_xlfn.XLOOKUP($B28,params!$O$2:$O$12,params!$P$2:$P$12,0) -> 0.0010063683 | ... AS28: =BAU_Scenario!AS28*_xlfn.XLOOKUP($B28,params!$O$2:$O$12,params!$P$2:$P$12,0) -> 0 | AT28: =_xlfn.TEXTJOIN("_",,A28,B28) -> urban_Gas | BC28: NICCS | BD28: =SUM(NICCS_Fuel_cons!AU16:AU17) -> 10.924765 | BE28: =SUM(NICCS_Fuel_cons!AV16:AV17) -> 11.895659 | BF28: =SUM(NICCS_Fuel_cons!AW16:AW17) -> 9.0437189 | BG28: =SUM(NICCS_Fuel_cons!AX16:AX17) -> 5.0873846 | BH28: =SUM(NICCS_Fuel_cons!AY16:AY17) -> 0 | BI28: =SUM(NICCS_Fuel_cons!AZ16:AZ17) -> 0 | BJ28: =SUM(NICCS_Fuel_cons!BA16:BA17) -> 0
A29: urban | B29: kerosene | C29: BAU | D29: Mtons | E29: =BAU_Scenario!E29*_xlfn.XLOOKUP($B29,params!$O$2:$O$12,params!$P$2:$P$12,0) -> 0.00033293868 | F29: =BAU_Scenario!F29*_xlfn.XLOOKUP($B29,params!$O$2:$O$12,params!$P$2:$P$12,0) -> 0.00032359649 | G29: =BAU_Scenario!G29*_xlfn.XLOOKUP($B29,params!$O$2:$O$12,params!$P$2:$P$12,0) -> 0.00031239257 | H29: =BAU_Scenario!H29*_xlfn.XLOOKUP($B29,params!$O$2:$O$12,params!$P$2:$P$12,0) -> 0.0002992253 | I29: =BAU_Scenario!I29*_xlfn.XLOOKUP($B29,params!$O$2:$O$12,params!$P$2:$P$12,0) -> 0.00028398911 | J29: =BAU_Scenario!J29*_xlfn.XLOOKUP($B29,params!$O$2:$O$12,params!$P$2:$P$12,0) -> 0.00026655958 | K29: =BAU_Scenario!K29*_xlfn.XLOOKUP($B29,params!$O$2:$O$12,params!$P$2:$P$12,0) -> 0.00024679143 | L29: =BAU_Scenario!L29*_xlfn.XLOOKUP($B29,params!$O$2:$O$12,params!$P$2:$P$12,0) -> 0.00022452511 | ... AS29: =BAU_Scenario!AS29*_xlfn.XLOOKUP($B29,params!$O$2:$O$12,params!$P$2:$P$12,0) -> 0 | AT29: =_xlfn.TEXTJOIN("_",,A29,B29) -> urban_kerosene | BC29: % diff | BD29: =(BD28-BD27)/BD27 -> 0 | BE29: =(BE28-BE27)/BE27 -> -1.4932816e-16 | BF29: =(BF28-BF27)/BF27 -> -0.27446514 | BG29: =(BG28-BG27)/BG27 -> -0.60249122 | BH29: =(BH28-BH27)/BH27 -> -1 | BI29: =(BI28-BI27)/BI27 -> -1 | BJ29: =(BJ28-BJ27)/BJ27 -> -1
A30: urban | B30: electric | C30: BAU | D30: GWh | E30: =BAU_Scenario!E30*_xlfn.XLOOKUP($B30,params!$O$2:$O$12,params!$P$2:$P$12,0) -> 0.27527892 | F30: =BAU_Scenario!F30*_xlfn.XLOOKUP($B30,params!$O$2:$O$12,params!$P$2:$P$12,0) -> 0.27916951 | G30: =BAU_Scenario!G30*_xlfn.XLOOKUP($B30,params!$O$2:$O$12,params!$P$2:$P$12,0) -> 0.28263867 | H30: =BAU_Scenario!H30*_xlfn.XLOOKUP($B30,params!$O$2:$O$12,params!$P$2:$P$12,0) -> 0.28566577 | I30: =BAU_Scenario!I30*_xlfn.XLOOKUP($B30,params!$O$2:$O$12,params!$P$2:$P$12,0) -> 0.28823321 | J30: =BAU_Scenario!J30*_xlfn.XLOOKUP($B30,params!$O$2:$O$12,params!$P$2:$P$12,0) -> 0.29031292 | K30: =BAU_Scenario!K30*_xlfn.XLOOKUP($B30,params!$O$2:$O$12,params!$P$2:$P$12,0) -> 0.29186164 | L30: =BAU_Scenario!L30*_xlfn.XLOOKUP($B30,params!$O$2:$O$12,params!$P$2:$P$12,0) -> 0.29282403 | ... AS30: =BAU_Scenario!AS30*_xlfn.XLOOKUP($B30,params!$O$2:$O$12,params!$P$2:$P$12,0) -> 0 | AT30: =_xlfn.TEXTJOIN("_",,A30,B30) -> urban_electric | BC30: % of total cooking energy | BD30: =BD28/SUM(NICCS_Fuel_cons!AU16:AU25) -> 0.96858339 | BE30: =BE28/SUM(NICCS_Fuel_cons!AV16:AV25) -> 0.96826761 | BF30: =BF28/SUM(NICCS_Fuel_cons!AW16:AW25) -> 0.79581388 | BG30: =BG28/SUM(NICCS_Fuel_cons!AX16:AX25) -> 0.51735355 | BH30: =BH28/SUM(NICCS_Fuel_cons!AY16:AY25) -> 0 | BI30: =BI28/SUM(NICCS_Fuel_cons!AZ16:AZ25) -> 0 | BJ30: =BJ28/SUM(NICCS_Fuel_cons!BA16:BA25) -> 0
A31: urban | B31: pellets | C31: BAU | D31: Mtons | E31: =BAU_Scenario!E31*_xlfn.XLOOKUP($B31,params!$O$2:$O$12,params!$P$2:$P$12,0) -> 0 | F31: =BAU_Scenario!F31*_xlfn.XLOOKUP($B31,params!$O$2:$O$12,params!$P$2:$P$12,0) -> 0 | G31: =BAU_Scenario!G31*_xlfn.XLOOKUP($B31,params!$O$2:$O$12,params!$P$2:$P$12,0) -> 0 | H31: =BAU_Scenario!H31*_xlfn.XLOOKUP($B31,params!$O$2:$O$12,params!$P$2:$P$12,0) -> 0 | I31: =BAU_Scenario!I31*_xlfn.XLOOKUP($B31,params!$O$2:$O$12,params!$P$2:$P$12,0) -> 0 | J31: =BAU_Scenario!J31*_xlfn.XLOOKUP($B31,params!$O$2:$O$12,params!$P$2:$P$12,0) -> 0 | K31: =BAU_Scenario!K31*_xlfn.XLOOKUP($B31,params!$O$2:$O$12,params!$P$2:$P$12,0) -> 0 | L31: =BAU_Scenario!L31*_xlfn.XLOOKUP($B31,params!$O$2:$O$12,params!$P$2:$P$12,0) -> 0 | ... AS31: =BAU_Scenario!AS31*_xlfn.XLOOKUP($B31,params!$O$2:$O$12,params!$P$2:$P$12,0) -> 0 | AT31: =_xlfn.TEXTJOIN("_",,A31,B31) -> urban_pellets
A32: urban | B32: ethanol | C32: BAU | D32: Mtons | E32: =BAU_Scenario!E32*_xlfn.XLOOKUP($B32,params!$O$2:$O$12,params!$P$2:$P$12,0) -> 0 | F32: =BAU_Scenario!F32*_xlfn.XLOOKUP($B32,params!$O$2:$O$12,params!$P$2:$P$12,0) -> 0 | G32: =BAU_Scenario!G32*_xlfn.XLOOKUP($B32,params!$O$2:$O$12,params!$P$2:$P$12,0) -> 0 | H32: =BAU_Scenario!H32*_xlfn.XLOOKUP($B32,params!$O$2:$O$12,params!$P$2:$P$12,0) -> 0 | I32: =BAU_Scenario!I32*_xlfn.XLOOKUP($B32,params!$O$2:$O$12,params!$P$2:$P$12,0) -> 0 | J32: =BAU_Scenario!J32*_xlfn.XLOOKUP($B32,params!$O$2:$O$12,params!$P$2:$P$12,0) -> 0 | K32: =BAU_Scenario!K32*_xlfn.XLOOKUP($B32,params!$O$2:$O$12,params!$P$2:$P$12,0) -> 0 | L32: =BAU_Scenario!L32*_xlfn.XLOOKUP($B32,params!$O$2:$O$12,params!$P$2:$P$12,0) -> 0 | ... AS32: =BAU_Scenario!AS32*_xlfn.XLOOKUP($B32,params!$O$2:$O$12,params!$P$2:$P$12,0) -> 0 | AT32: =_xlfn.TEXTJOIN("_",,A32,B32) -> urban_ethanol
A33: urban | B33: biogas | C33: BAU | D33: Mtons | E33: =BAU_Scenario!E33*_xlfn.XLOOKUP($B33,params!$O$2:$O$12,params!$P$2:$P$12,0) -> 0 | F33: =BAU_Scenario!F33*_xlfn.XLOOKUP($B33,params!$O$2:$O$12,params!$P$2:$P$12,0) -> 0 | G33: =BAU_Scenario!G33*_xlfn.XLOOKUP($B33,params!$O$2:$O$12,params!$P$2:$P$12,0) -> 0 | H33: =BAU_Scenario!H33*_xlfn.XLOOKUP($B33,params!$O$2:$O$12,params!$P$2:$P$12,0) -> 0 | I33: =BAU_Scenario!I33*_xlfn.XLOOKUP($B33,params!$O$2:$O$12,params!$P$2:$P$12,0) -> 0 | J33: =BAU_Scenario!J33*_xlfn.XLOOKUP($B33,params!$O$2:$O$12,params!$P$2:$P$12,0) -> 0 | K33: =BAU_Scenario!K33*_xlfn.XLOOKUP($B33,params!$O$2:$O$12,params!$P$2:$P$12,0) -> 0 | L33: =BAU_Scenario!L33*_xlfn.XLOOKUP($B33,params!$O$2:$O$12,params!$P$2:$P$12,0) -> 0 | ... AS33: =BAU_Scenario!AS33*_xlfn.XLOOKUP($B33,params!$O$2:$O$12,params!$P$2:$P$12,0) -> 0 | AT33: =_xlfn.TEXTJOIN("_",,A33,B33) -> urban_biogas
A34: urban | B34: other | C34: BAU | D34: Mtons | E34: =BAU_Scenario!E34*_xlfn.XLOOKUP($B34,params!$O$2:$O$12,params!$P$2:$P$12,0) -> 0 | F34: =BAU_Scenario!F34*_xlfn.XLOOKUP($B34,params!$O$2:$O$12,params!$P$2:$P$12,0) -> 0 | G34: =BAU_Scenario!G34*_xlfn.XLOOKUP($B34,params!$O$2:$O$12,params!$P$2:$P$12,0) -> 0 | H34: =BAU_Scenario!H34*_xlfn.XLOOKUP($B34,params!$O$2:$O$12,params!$P$2:$P$12,0) -> 0 | I34: =BAU_Scenario!I34*_xlfn.XLOOKUP($B34,params!$O$2:$O$12,params!$P$2:$P$12,0) -> 0 | J34: =BAU_Scenario!J34*_xlfn.XLOOKUP($B34,params!$O$2:$O$12,params!$P$2:$P$12,0) -> 0 | K34: =BAU_Scenario!K34*_xlfn.XLOOKUP($B34,params!$O$2:$O$12,params!$P$2:$P$12,0) -> 0 | L34: =BAU_Scenario!L34*_xlfn.XLOOKUP($B34,params!$O$2:$O$12,params!$P$2:$P$12,0) -> 0 | ... AS34: =BAU_Scenario!AS34*_xlfn.XLOOKUP($B34,params!$O$2:$O$12,params!$P$2:$P$12,0) -> 0 | AT34: =_xlfn.TEXTJOIN("_",,A34,B34) -> urban_other
D35: overall | E35: =SUM(E2:E12) -> 9.0997392 | F35: =SUM(F2:F12) -> 9.3120992 | G35: =SUM(G2:G12) -> 9.5243744 | H35: =SUM(H2:H12) -> 9.7368022 | I35: =SUM(I2:I12) -> 9.9524201 | J35: =SUM(J2:J12) -> 10.172303 | K35: =SUM(K2:K12) -> 10.393551 | L35: =SUM(L2:L12) -> 10.615496 | ... AS35: =SUM(AS2:AS12) -> 12.986679 | BB35: BEFORE CORRECTION
D36: rural | E36: =SUM(E13:E23) -> 7.0124429 | F36: =SUM(F13:F23) -> 7.154337 | G36: =SUM(G13:G23) -> 7.2952866 | H36: =SUM(H13:H23) -> 7.4355374 | I36: =SUM(I13:I23) -> 7.575624 | J36: =SUM(J13:J23) -> 7.7158412 | K36: =SUM(K13:K23) -> 7.8559751 | L36: =SUM(L13:L23) -> 7.9954775 | ... AS36: =SUM(AS13:AS23) -> 7.5778458 | BB36: wood eq | BC36: charcoal | BD36: 6.9456981 | BE36: 9.9515829 | BF36: 13.836926 | BG36: 18.355751 | BH36: 23.517458 | BI36: 29.312885 | BJ36: 35.687552
D37: urban | E37: =SUM(E24:E34) -> 2.0872963 | F37: =SUM(F24:F34) -> 2.1577622 | G37: =SUM(G24:G34) -> 2.2290879 | H37: =SUM(H24:H34) -> 2.3012648 | I37: =SUM(I24:I34) -> 2.3767961 | J37: =SUM(J24:J34) -> 2.4564619 | K37: =SUM(K24:K34) -> 2.5375758 | L37: =SUM(L24:L34) -> 2.6200185 | ... AS37: =SUM(AS24:AS34) -> 5.408833 | BB37: Total woodfuel | BC37: BAU | BD37: 16.309785 | BE37: 19.635922 | BF37: 23.250613 | BG37: 27.133568 | BH37: 31.28869 | BI37: 35.701112 | BJ37: 40.315923
D73: overall | N73: =SUM(N40:N50) -> 0 | O73: =SUM(O40:O50) -> 0 | P73: =SUM(P40:P50) -> 0 | Q73: =SUM(Q40:Q50) -> 0 | R73: =SUM(R40:R50) -> 0 | S73: =SUM(S40:S50) -> 0 | T73: =SUM(T40:T50) -> 0 | U73: =SUM(U40:U50) -> 0 | ... AS73: =SUM(AS40:AS50) -> 0
D74: rural | N74: =SUM(N51:N61) -> 0 | O74: =SUM(O51:O61) -> 0 | P74: =SUM(P51:P61) -> 0 | Q74: =SUM(Q51:Q61) -> 0 | R74: =SUM(R51:R61) -> 0 | S74: =SUM(S51:S61) -> 0 | T74: =SUM(T51:T61) -> 0 | U74: =SUM(U51:U61) -> 0 | ... AS74: =SUM(AS51:AS61) -> 0
D75: urban | N75: =SUM(N62:N72) -> 0 | O75: =SUM(O62:O72) -> 0 | P75: =SUM(P62:P72) -> 0 | Q75: =SUM(Q62:Q72) -> 0 | R75: =SUM(R62:R72) -> 0 | S75: =SUM(S62:S72) -> 0 | T75: =SUM(T62:T72) -> 0 | U75: =SUM(U62:U72) -> 0 | ... AS75: =SUM(AS62:AS72) -> 0

Sheet BAU_emissions
A1: CO2e | B1: Fuel | C1: Scenario | D1: unit | E1: 2019 | F1: 2020 | G1: 2021 | H1: 2022 | I1: 2023 | J1: 2024 | K1: 2025 | L1: 2026 | M1: 2027 | N1: 2028 | O1: 2029 | P1: 2030 | Q1: 2031 | R1: 2032 | S1: 2033 | T1: 2034 | U1: 2035 | V1: 2036 | W1: 2037 | X1: 2038 | Y1: 2039 | Z1: 2040 | AA1: 2041 | AB1: 2042 | AC1: 2043 | AD1: 2044 | AE1: 2045 | AF1: 2046 | AG1: 2047 | AH1: 2048 | AI1: 2049 | AJ1: 2050 | AK1: Assumptions 2030 | AL1: Assumptions 2040 | AM1: Assumptions 2050 | AU1: 2020 | AV1: 2025 | AW1: 2030 | AX1: 2035 | AY1: 2040 | AZ1: 2045 | BA1: 2050
A2: overall | B2: fuelwood | C2: BAU | D2: ktons | E2: =SUM(E13,E24) -> 7890.3252 | F2: =SUM(F13,F24) -> 7972.6729 | G2: =SUM(G13,G24) -> 8048.8912 | H2: =SUM(H13,H24) -> 8118.6348 | I2: =SUM(I13,I24) -> 8181.696 | J2: =SUM(J13,J24) -> 8237.9453 | K2: =SUM(K13,K24) -> 8217.1963 | L2: =SUM(L13,L24) -> 8186.3019 | ... AJ2: =SUM(AJ13,AJ24) -> 3569.8393 | AT2: fuelwood | AU2: =_xlfn.XLOOKUP(AU$1,$E$1:$AJ$1,$E4:$AJ4)+_xlfn.XLOOKUP(AU$1,$E$1:$AJ$1,$E2:$AJ2) -> 8006.505 | AV2: =_xlfn.XLOOKUP(AV$1,$E$1:$AJ$1,$E4:$AJ4)+_xlfn.XLOOKUP(AV$1,$E$1:$AJ$1,$E2:$AJ2) -> 8290.9327 | AW2: =_xlfn.XLOOKUP(AW$1,$E$1:$AJ$1,$E4:$AJ4)+_xlfn.XLOOKUP(AW$1,$E$1:$AJ$1,$E2:$AJ2) -> 8074.2141 | AX2: =_xlfn.XLOOKUP(AX$1,$E$1:$AJ$1,$E4:$AJ4)+_xlfn.XLOOKUP(AX$1,$E$1:$AJ$1,$E2:$AJ2) -> 7550.0877 | AY2: =_xlfn.XLOOKUP(AY$1,$E$1:$AJ$1,$E4:$AJ4)+_xlfn.XLOOKUP(AY$1,$E$1:$AJ$1,$E2:$AJ2) -> 6714.5532 | AZ2: =_xlfn.XLOOKUP(AZ$1,$E$1:$AJ$1,$E4:$AJ4)+_xlfn.XLOOKUP(AZ$1,$E$1:$AJ$1,$E2:$AJ2) -> 5563.4684 | BA2: =_xlfn.XLOOKUP(BA$1,$E$1:$AJ$1,$E4:$AJ4)+_xlfn.XLOOKUP(BA$1,$E$1:$AJ$1,$E2:$AJ2) -> 4097.0926
A3: overall | B3: charcoal | C3: BAU | D3: ktons | E3: =SUM(E14,E25) -> 5800.9538 | F3: =SUM(F14,F25) -> 6262.7206 | G3: =SUM(G14,G25) -> 6746.4919 | H3: =SUM(H14,H25) -> 7252.7594 | I3: =SUM(I14,I25) -> 7781.9417 | J3: =SUM(J14,J25) -> 8334.4322 | K3: =SUM(K14,K25) -> 8960.0834 | L3: =SUM(L14,L25) -> 9609.7746 | ... AJ3: =SUM(AJ14,AJ25) -> 31997.187 | AT3: charcoal | AU3: =(_xlfn.XLOOKUP(AU$1,$E$1:$AJ$1,$E5:$AJ5)+_xlfn.XLOOKUP(AU$1,$E$1:$AJ$1,$E3:$AJ3)) -> 6280.0638 | AV3: =(_xlfn.XLOOKUP(AV$1,$E$1:$AJ$1,$E5:$AJ5)+_xlfn.XLOOKUP(AV$1,$E$1:$AJ$1,$E3:$AJ3)) -> 8997.8824 | AW3: =(_xlfn.XLOOKUP(AW$1,$E$1:$AJ$1,$E5:$AJ5)+_xlfn.XLOOKUP(AW$1,$E$1:$AJ$1,$E3:$AJ3)) -> 12510.878 | AX3: =(_xlfn.XLOOKUP(AX$1,$E$1:$AJ$1,$E5:$AJ5)+_xlfn.XLOOKUP(AX$1,$E$1:$AJ$1,$E3:$AJ3)) -> 16596.645 | AY3: =(_xlfn.XLOOKUP(AY$1,$E$1:$AJ$1,$E5:$AJ5)+_xlfn.XLOOKUP(AY$1,$E$1:$AJ$1,$E3:$AJ3)) -> 21263.685 | AZ3: =(_xlfn.XLOOKUP(AZ$1,$E$1:$AJ$1,$E5:$AJ5)+_xlfn.XLOOKUP(AZ$1,$E$1:$AJ$1,$E3:$AJ3)) -> 26503.713 | BA3: =(_xlfn.XLOOKUP(BA$1,$E$1:$AJ$1,$E5:$AJ5)+_xlfn.XLOOKUP(BA$1,$E$1:$AJ$1,$E3:$AJ3)) -> 32267.47
A4: overall | B4: Imp_fuelwood | C4: BAU | D4: ktons | E4: =SUM(E15,E26) -> 27.367631 | F4: =SUM(F15,F26) -> 33.832143 | G4: =SUM(G15,G26) -> 40.804285 | H4: =SUM(H15,H26) -> 48.30749 | I4: =SUM(I15,I26) -> 56.364335 | J4: =SUM(J15,J26) -> 64.996615 | K4: =SUM(K15,K26) -> 73.736425 | L4: =SUM(L15,L26) -> 83.053486 | ... AJ4: =SUM(AJ15,AJ26) -> 527.25335 | AT4: Gas | AU4: =_xlfn.XLOOKUP(AU$1,$E$1:$AJ$1,$E6:$AJ6) -> 6.8750014 | AV4: =_xlfn.XLOOKUP(AV$1,$E$1:$AJ$1,$E6:$AJ6) -> 11.599044 | AW4: =_xlfn.XLOOKUP(AW$1,$E$1:$AJ$1,$E6:$AJ6) -> 11.291329 | AX4: =_xlfn.XLOOKUP(AX$1,$E$1:$AJ$1,$E6:$AJ6) -> 10.142746 | AY4: =_xlfn.XLOOKUP(AY$1,$E$1:$AJ$1,$E6:$AJ6) -> 7.9971379 | AZ4: =_xlfn.XLOOKUP(AZ$1,$E$1:$AJ$1,$E6:$AJ6) -> 4.6789104 | BA4: =_xlfn.XLOOKUP(BA$1,$E$1:$AJ$1,$E6:$AJ6) -> 0
A5: overall | B5: Imp_charcoal | C5: BAU | D5: ktons | E5: =SUM(E16,E27) -> 14.0293 | F5: =SUM(F16,F27) -> 17.343163 | G5: =SUM(G16,G27) -> 20.917249 | H5: =SUM(H16,H27) -> 24.76357 | I5: =SUM(I16,I27) -> 28.893701 | J5: =SUM(J16,J27) -> 33.318814 | K5: =SUM(K16,K27) -> 37.799049 | L5: =SUM(L16,L27) -> 42.575196 | ... AJ5: =SUM(AJ16,AJ27) -> 270.28263 | AT5: kerosene | AU5: =_xlfn.XLOOKUP(AU$1,$E$1:$AJ$1,$E7:$AJ7) -> 0.50273922 | AV5: =_xlfn.XLOOKUP(AV$1,$E$1:$AJ$1,$E7:$AJ7) -> 0 | AW5: =_xlfn.XLOOKUP(AW$1,$E$1:$AJ$1,$E7:$AJ7) -> 0 | AX5: =_xlfn.XLOOKUP(AX$1,$E$1:$AJ$1,$E7:$AJ7) -> 0 | AY5: =_xlfn.XLOOKUP(AY$1,$E$1:$AJ$1,$E7:$AJ7) -> 0 | AZ5: =_xlfn.XLOOKUP(AZ$1,$E$1:$AJ$1,$E7:$AJ7) -> 0 | BA5: =_xlfn.XLOOKUP(BA$1,$E$1:$AJ$1,$E7:$AJ7) -> 0
A6: overall | B6: Gas | C6: BAU | D6: ktons | E6: =SUM(E17,E28) -> 5.8912597 | F6: =SUM(F17,F28) -> 6.8750014 | G6: =SUM(G17,G28) -> 7.9323712 | H6: =SUM(H17,H28) -> 9.0666858 | I6: =SUM(I17,I28) -> 10.281112 | J6: =SUM(J17,J28) -> 11.578691 | K6: =SUM(K17,K28) -> 11.599044 | L6: =SUM(L17,L28) -> 11.594473 | ... AJ6: =SUM(AJ17,AJ28) -> 0 | AT6: electric | AU6: =_xlfn.XLOOKUP(AU$1,$E$1:$AJ$1,$E8:$AJ8) -> 75.833736 | AV6: =_xlfn.XLOOKUP(AV$1,$E$1:$AJ$1,$E8:$AJ8) -> 71.519861 | AW6: =_xlfn.XLOOKUP(AW$1,$E$1:$AJ$1,$E8:$AJ8) -> 69.542438 | AX6: =_xlfn.XLOOKUP(AX$1,$E$1:$AJ$1,$E8:$AJ8) -> 62.403358 | AY6: =_xlfn.XLOOKUP(AY$1,$E$1:$AJ$1,$E8:$AJ8) -> 49.15535 | AZ6: =_xlfn.XLOOKUP(AZ$1,$E$1:$AJ$1,$E8:$AJ8) -> 28.73378 | BA6: =_xlfn.XLOOKUP(BA$1,$E$1:$AJ$1,$E8:$AJ8) -> 0
A7: overall | B7: kerosene | C7: BAU | D7: ktons | E7: =SUM(E18,E29) -> 0.61231226 | F7: =SUM(F18,F29) -> 0.50273922 | G7: =SUM(G18,G29) -> 0.38189909 | H7: =SUM(H18,H29) -> 0.24919268 | I7: =SUM(I18,I29) -> 0.10401301 | J7: =SUM(J18,J29) -> 0 | K7: =SUM(K18,K29) -> 0 | L7: =SUM(L18,L29) -> 0 | ... AJ7: =SUM(AJ18,AJ29) -> 0 | AT7: pellets | AU7: =_xlfn.XLOOKUP(AU$1,$E$1:$AJ$1,$E9:$AJ9) -> 0 | AV7: =_xlfn.XLOOKUP(AV$1,$E$1:$AJ$1,$E9:$AJ9) -> 0 | AW7: =_xlfn.XLOOKUP(AW$1,$E$1:$AJ$1,$E9:$AJ9) -> 0 | AX7: =_xlfn.XLOOKUP(AX$1,$E$1:$AJ$1,$E9:$AJ9) -> 0 | AY7: =_xlfn.XLOOKUP(AY$1,$E$1:$AJ$1,$E9:$AJ9) -> 0 | AZ7: =_xlfn.XLOOKUP(AZ$1,$E$1:$AJ$1,$E9:$AJ9) -> 0 | BA7: =_xlfn.XLOOKUP(BA$1,$E$1:$AJ$1,$E9:$AJ9) -> 0
A8: overall | B8: electric | C8: BAU | D8: ktons | E8: =SUM(E19,E30) -> 76.350384 | F8: =SUM(F19,F30) -> 75.833736 | G8: =SUM(G19,G30) -> 75.097149 | H8: =SUM(H19,H30) -> 74.125641 | I8: =SUM(I19,I30) -> 72.902848 | J8: =SUM(J19,J30) -> 71.412011 | K8: =SUM(K19,K30) -> 71.519861 | L8: =SUM(L19,L30) -> 71.474475 | ... AJ8: =SUM(AJ19,AJ30) -> 0 | AT8: ethanol | AU8: =_xlfn.XLOOKUP(AU$1,$E$1:$AJ$1,$E10:$AJ10) -> 0 | AV8: =_xlfn.XLOOKUP(AV$1,$E$1:$AJ$1,$E10:$AJ10) -> 0 | AW8: =_xlfn.XLOOKUP(AW$1,$E$1:$AJ$1,$E10:$AJ10) -> 0 | AX8: =_xlfn.XLOOKUP(AX$1,$E$1:$AJ$1,$E10:$AJ10) -> 0 | AY8: =_xlfn.XLOOKUP(AY$1,$E$1:$AJ$1,$E10:$AJ10) -> 0 | AZ8: =_xlfn.XLOOKUP(AZ$1,$E$1:$AJ$1,$E10:$AJ10) -> 0 | BA8: =_xlfn.XLOOKUP(BA$1,$E$1:$AJ$1,$E10:$AJ10) -> 0
A9: overall | B9: pellets | C9: BAU | D9: ktons | E9: =SUM(E20,E31) -> 0 | F9: =SUM(F20,F31) -> 0 | G9: =SUM(G20,G31) -> 0 | H9: =SUM(H20,H31) -> 0 | I9: =SUM(I20,I31) -> 0 | J9: =SUM(J20,J31) -> 0 | K9: =SUM(K20,K31) -> 0 | L9: =SUM(L20,L31) -> 0 | ... AJ9: =SUM(AJ20,AJ31) -> 0 | AT9: biogas | AU9: =_xlfn.XLOOKUP(AU$1,$E$1:$AJ$1,$E11:$AJ11) -> 0 | AV9: =_xlfn.XLOOKUP(AV$1,$E$1:$AJ$1,$E11:$AJ11) -> 0 | AW9: =_xlfn.XLOOKUP(AW$1,$E$1:$AJ$1,$E11:$AJ11) -> 0 | AX9: =_xlfn.XLOOKUP(AX$1,$E$1:$AJ$1,$E11:$AJ11) -> 0 | AY9: =_xlfn.XLOOKUP(AY$1,$E$1:$AJ$1,$E11:$AJ11) -> 0 | AZ9: =_xlfn.XLOOKUP(AZ$1,$E$1:$AJ$1,$E11:$AJ11) -> 0 | BA9: =_xlfn.XLOOKUP(BA$1,$E$1:$AJ$1,$E11:$AJ11) -> 0
A10: overall | B10: ethanol | C10: BAU | D10: ktons | E10: =SUM(E21,E32) -> 0 | F10: =SUM(F21,F32) -> 0 | G10: =SUM(G21,G32) -> 0 | H10: =SUM(H21,H32) -> 0 | I10: =SUM(I21,I32) -> 0 | J10: =SUM(J21,J32) -> 0 | K10: =SUM(K21,K32) -> 0 | L10: =SUM(L21,L32) -> 0 | ... AJ10: =SUM(AJ21,AJ32) -> 0
A11: overall | B11: biogas | C11: BAU | D11: ktons | E11: =SUM(E22,E33) -> 0 | F11: =SUM(F22,F33) -> 0 | G11: =SUM(G22,G33) -> 0 | H11: =SUM(H22,H33) -> 0 | I11: =SUM(I22,I33) -> 0 | J11: =SUM(J22,J33) -> 0 | K11: =SUM(K22,K33) -> 0 | L11: =SUM(L22,L33) -> 0 | ... AJ11: =SUM(AJ22,AJ33) -> 0
A12: overall | B12: other | C12: BAU | D12: ktons | E12: =SUM(E23,E34) -> 0 | F12: =SUM(F23,F34) -> 0 | G12: =SUM(G23,G34) -> 0 | H12: =SUM(H23,H34) -> 0 | I12: =SUM(I23,I34) -> 0 | J12: =SUM(J23,J34) -> 0 | K12: =SUM(K23,K34) -> 0 | L12: =SUM(L23,L34) -> 0 | ... AJ12: =SUM(AJ23,AJ34) -> 0 | AS12: Total CO2e | AT12: BAU | AU12: =SUM(AU2:AU9) -> 14369.78 | AV12: =SUM(AV2:AV9) -> 17371.934 | AW12: =SUM(AW2:AW9) -> 20665.926 | AX12: =SUM(AX2:AX9) -> 24219.279 | AY12: =SUM(AY2:AY9) -> 28035.39 | AZ12: =SUM(AZ2:AZ9) -> 32100.594 | BA12: =SUM(BA2:BA9) -> 36364.563
A13: rural | B13: fuelwood | C13: BAU | D13: ktons | E13: =BAU_Fuel_cons!N13*_xlfn.XLOOKUP($B13,efs!$A$74:$A$84,efs!$E$74:$E$84,0,0) -> 6776.5098 | F13: =BAU_Fuel_cons!O13*_xlfn.XLOOKUP($B13,efs!$A$74:$A$84,efs!$E$74:$E$84,0,0) -> 6856.4676 | G13: =BAU_Fuel_cons!P13*_xlfn.XLOOKUP($B13,efs!$A$74:$A$84,efs!$E$74:$E$84,0,0) -> 6932.8393 | H13: =BAU_Fuel_cons!Q13*_xlfn.XLOOKUP($B13,efs!$A$74:$A$84,efs!$E$74:$E$84,0,0) -> 7005.478 | I13: =BAU_Fuel_cons!R13*_xlfn.XLOOKUP($B13,efs!$A$74:$A$84,efs!$E$74:$E$84,0,0) -> 7074.3976 | J13: =BAU_Fuel_cons!S13*_xlfn.XLOOKUP($B13,efs!$A$74:$A$84,efs!$E$74:$E$84,0,0) -> 7139.6976 | K13: =BAU_Fuel_cons!T13*_xlfn.XLOOKUP($B13,efs!$A$74:$A$84,efs!$E$74:$E$84,0,0) -> 7116.437 | L13: =BAU_Fuel_cons!U13*_xlfn.XLOOKUP($B13,efs!$A$74:$A$84,efs!$E$74:$E$84,0,0) -> 7085.4106 | ... AJ13: =BAU_Fuel_cons!AS13*_xlfn.XLOOKUP($B13,efs!$A$74:$A$84,efs!$E$74:$E$84,0,0) -> 3569.8393 | AT13: NICCS | AU13: =SUM(NICCS_emissions!AU2:AU9) -> 14369.78 | AV13: =SUM(NICCS_emissions!AV2:AV9) -> 17371.934 | AW13: =SUM(NICCS_emissions!AW2:AW9) -> 15897.03 | AX13: =SUM(NICCS_emissions!AX2:AX9) -> 13215.054 | AY13: =SUM(NICCS_emissions!AY2:AY9) -> 9196.9373 | AZ13: =SUM(NICCS_emissions!AZ2:AZ9) -> 10141.898 | BA13: =SUM(NICCS_emissions!BA2:BA9) -> 11073.271
A14: rural | B14: charcoal | C14: BAU | D14: ktons | E14: =BAU_Fuel_cons!N14*_xlfn.XLOOKUP($B14,efs!$A$74:$A$84,efs!$E$74:$E$84,0,0) -> 1253.448 | F14: =BAU_Fuel_cons!O14*_xlfn.XLOOKUP($B14,efs!$A$74:$A$84,efs!$E$74:$E$84,0,0) -> 1418.7774 | G14: =BAU_Fuel_cons!P14*_xlfn.XLOOKUP($B14,efs!$A$74:$A$84,efs!$E$74:$E$84,0,0) -> 1590.98 | H14: =BAU_Fuel_cons!Q14*_xlfn.XLOOKUP($B14,efs!$A$74:$A$84,efs!$E$74:$E$84,0,0) -> 1770.091 | I14: =BAU_Fuel_cons!R14*_xlfn.XLOOKUP($B14,efs!$A$74:$A$84,efs!$E$74:$E$84,0,0) -> 1956.1799 | J14: =BAU_Fuel_cons!S14*_xlfn.XLOOKUP($B14,efs!$A$74:$A$84,efs!$E$74:$E$84,0,0) -> 2149.3473 | K14: =BAU_Fuel_cons!T14*_xlfn.XLOOKUP($B14,efs!$A$74:$A$84,efs!$E$74:$E$84,0,0) -> 2457.6358 | L14: =BAU_Fuel_cons!U14*_xlfn.XLOOKUP($B14,efs!$A$74:$A$84,efs!$E$74:$E$84,0,0) -> 2778.0216 | ... AJ14: =BAU_Fuel_cons!AS14*_xlfn.XLOOKUP($B14,efs!$A$74:$A$84,efs!$E$74:$E$84,0,0) -> 13388.228
A15: rural | B15: Imp_fuelwood | C15: BAU | D15: ktons | E15: =BAU_Fuel_cons!N15*_xlfn.XLOOKUP($B15,efs!$A$74:$A$84,efs!$E$74:$E$84,0,0) -> 0 | F15: =BAU_Fuel_cons!O15*_xlfn.XLOOKUP($B15,efs!$A$74:$A$84,efs!$E$74:$E$84,0,0) -> 0 | G15: =BAU_Fuel_cons!P15*_xlfn.XLOOKUP($B15,efs!$A$74:$A$84,efs!$E$74:$E$84,0,0) -> 0 | H15: =BAU_Fuel_cons!Q15*_xlfn.XLOOKUP($B15,efs!$A$74:$A$84,efs!$E$74:$E$84,0,0) -> 0 | I15: =BAU_Fuel_cons!R15*_xlfn.XLOOKUP($B15,efs!$A$74:$A$84,efs!$E$74:$E$84,0,0) -> 0 | J15: =BAU_Fuel_cons!S15*_xlfn.XLOOKUP($B15,efs!$A$74:$A$84,efs!$E$74:$E$84,0,0) -> 0 | K15: =BAU_Fuel_cons!T15*_xlfn.XLOOKUP($B15,efs!$A$74:$A$84,efs!$E$74:$E$84,0,0) -> 0 | L15: =BAU_Fuel_cons!U15*_xlfn.XLOOKUP($B15,efs!$A$74:$A$84,efs!$E$74:$E$84,0,0) -> 0 | ... AJ15: =BAU_Fuel_cons!AS15*_xlfn.XLOOKUP($B15,efs!$A$74:$A$84,efs!$E$74:$E$84,0,0) -> 0 | AU15: =(AU13-AU12)/AU12 -> 0 | AV15: =(AV13-AV12)/AV12 -> 0 | AW15: =(AW13-AW12)/AW12 -> -0.23076129 | AX15: =(AX13-AX12)/AX12 -> -0.45435806 | AY15: =(AY13-AY12)/AY12 -> -0.67195259 | AZ15: =(AZ13-AZ12)/AZ12 -> -0.68405886 | BA15: =(BA13-BA12)/BA12 -> -0.6954928
A16: rural | B16: Imp_charcoal | C16: BAU | D16: ktons | E16: =BAU_Fuel_cons!N16*_xlfn.XLOOKUP($B16,efs!$A$74:$A$84,efs!$E$74:$E$84,0,0) -> 0 | F16: =BAU_Fuel_cons!O16*_xlfn.XLOOKUP($B16,efs!$A$74:$A$84,efs!$E$74:$E$84,0,0) -> 0 | G16: =BAU_Fuel_cons!P16*_xlfn.XLOOKUP($B16,efs!$A$74:$A$84,efs!$E$74:$E$84,0,0) -> 0 | H16: =BAU_Fuel_cons!Q16*_xlfn.XLOOKUP($B16,efs!$A$74:$A$84,efs!$E$74:$E$84,0,0) -> 0 | I16: =BAU_Fuel_cons!R16*_xlfn.XLOOKUP($B16,efs!$A$74:$A$84,efs!$E$74:$E$84,0,0) -> 0 | J16: =BAU_Fuel_cons!S16*_xlfn.XLOOKUP($B16,efs!$A$74:$A$84,efs!$E$74:$E$84,0,0) -> 0 | K16: =BAU_Fuel_cons!T16*_xlfn.XLOOKUP($B16,efs!$A$74:$A$84,efs!$E$74:$E$84,0,0) -> 0 | L16: =BAU_Fuel_cons!U16*_xlfn.XLOOKUP($B16,efs!$A$74:$A$84,efs!$E$74:$E$84,0,0) -> 0 | ... AJ16: =BAU_Fuel_cons!AS16*_xlfn.XLOOKUP($B16,efs!$A$74:$A$84,efs!$E$74:$E$84,0,0) -> 0
A17: rural | B17: Gas | C17: BAU | D17: ktons | E17: =BAU_Fuel_cons!N17*_xlfn.XLOOKUP($B17,efs!$A$74:$A$84,efs!$E$74:$E$84,0,0) -> 0.36098766 | F17: =BAU_Fuel_cons!O17*_xlfn.XLOOKUP($B17,efs!$A$74:$A$84,efs!$E$74:$E$84,0,0) -> 0.35681825 | G17: =BAU_Fuel_cons!P17*_xlfn.XLOOKUP($B17,efs!$A$74:$A$84,efs!$E$74:$E$84,0,0) -> 0.35203583 | H17: =BAU_Fuel_cons!Q17*_xlfn.XLOOKUP($B17,efs!$A$74:$A$84,efs!$E$74:$E$84,0,0) -> 0.3466291 | I17: =BAU_Fuel_cons!R17*_xlfn.XLOOKUP($B17,efs!$A$74:$A$84,efs!$E$74:$E$84,0,0) -> 0.34059502 | J17: =BAU_Fuel_cons!S17*_xlfn.XLOOKUP($B17,efs!$A$74:$A$84,efs!$E$74:$E$84,0,0) -> 0.33393432 | K17: =BAU_Fuel_cons!T17*_xlfn.XLOOKUP($B17,efs!$A$74:$A$84,efs!$E$74:$E$84,0,0) -> 0.32857117 | L17: =BAU_Fuel_cons!U17*_xlfn.XLOOKUP($B17,efs!$A$74:$A$84,efs!$E$74:$E$84,0,0) -> 0.32264907 | ... AJ17: =BAU_Fuel_cons!AS17*_xlfn.XLOOKUP($B17,efs!$A$74:$A$84,efs!$E$74:$E$84,0,0) -> 0
A18: rural | B18: kerosene | C18: BAU | D18: ktons | E18: =BAU_Fuel_cons!N18*_xlfn.XLOOKUP($B18,efs!$A$74:$A$84,efs!$E$74:$E$84,0,0) -> 0 | F18: =BAU_Fuel_cons!O18*_xlfn.XLOOKUP($B18,efs!$A$74:$A$84,efs!$E$74:$E$84,0,0) -> 0 | G18: =BAU_Fuel_cons!P18*_xlfn.XLOOKUP($B18,efs!$A$74:$A$84,efs!$E$74:$E$84,0,0) -> 0 | H18: =BAU_Fuel_cons!Q18*_xlfn.XLOOKUP($B18,efs!$A$74:$A$84,efs!$E$74:$E$84,0,0) -> 0 | I18: =BAU_Fuel_cons!R18*_xlfn.XLOOKUP($B18,efs!$A$74:$A$84,efs!$E$74:$E$84,0,0) -> 0 | J18: =BAU_Fuel_cons!S18*_xlfn.XLOOKUP($B18,efs!$A$74:$A$84,efs!$E$74:$E$84,0,0) -> 0 | K18: =BAU_Fuel_cons!T18*_xlfn.XLOOKUP($B18,efs!$A$74:$A$84,efs!$E$74:$E$84,0,0) -> 0 | L18: =BAU_Fuel_cons!U18*_xlfn.XLOOKUP($B18,efs!$A$74:$A$84,efs!$E$74:$E$84,0,0) -> 0 | ... AJ18: =BAU_Fuel_cons!AS18*_xlfn.XLOOKUP($B18,efs!$A$74:$A$84,efs!$E$74:$E$84,0,0) -> 0
A19: rural | B19: electric | C19: BAU | D19: ktons | E19: =BAU_Fuel_cons!N19*_xlfn.XLOOKUP($B19,efs!$A$74:$A$84,efs!$E$74:$E$84,0,0) -> 4.3530962 | F19: =BAU_Fuel_cons!O19*_xlfn.XLOOKUP($B19,efs!$A$74:$A$84,efs!$E$74:$E$84,0,0) -> 4.1204333 | G19: =BAU_Fuel_cons!P19*_xlfn.XLOOKUP($B19,efs!$A$74:$A$84,efs!$E$74:$E$84,0,0) -> 3.8712473 | H19: =BAU_Fuel_cons!Q19*_xlfn.XLOOKUP($B19,efs!$A$74:$A$84,efs!$E$74:$E$84,0,0) -> 3.6053264 | I19: =BAU_Fuel_cons!R19*_xlfn.XLOOKUP($B19,efs!$A$74:$A$84,efs!$E$74:$E$84,0,0) -> 3.322553 | J19: =BAU_Fuel_cons!S19*_xlfn.XLOOKUP($B19,efs!$A$74:$A$84,efs!$E$74:$E$84,0,0) -> 3.0228362 | K19: =BAU_Fuel_cons!T19*_xlfn.XLOOKUP($B19,efs!$A$74:$A$84,efs!$E$74:$E$84,0,0) -> 2.974288 | L19: =BAU_Fuel_cons!U19*_xlfn.XLOOKUP($B19,efs!$A$74:$A$84,efs!$E$74:$E$84,0,0) -> 2.92068 | ... AJ19: =BAU_Fuel_cons!AS19*_xlfn.XLOOKUP($B19,efs!$A$74:$A$84,efs!$E$74:$E$84,0,0) -> 0
A20: rural | B20: pellets | C20: BAU | D20: ktons | E20: =BAU_Fuel_cons!N20*_xlfn.XLOOKUP($B20,efs!$A$74:$A$84,efs!$E$74:$E$84,0,0) -> 0 | F20: =BAU_Fuel_cons!O20*_xlfn.XLOOKUP($B20,efs!$A$74:$A$84,efs!$E$74:$E$84,0,0) -> 0 | G20: =BAU_Fuel_cons!P20*_xlfn.XLOOKUP($B20,efs!$A$74:$A$84,efs!$E$74:$E$84,0,0) -> 0 | H20: =BAU_Fuel_cons!Q20*_xlfn.XLOOKUP($B20,efs!$A$74:$A$84,efs!$E$74:$E$84,0,0) -> 0 | I20: =BAU_Fuel_cons!R20*_xlfn.XLOOKUP($B20,efs!$A$74:$A$84,efs!$E$74:$E$84,0,0) -> 0 | J20: =BAU_Fuel_cons!S20*_xlfn.XLOOKUP($B20,efs!$A$74:$A$84,efs!$E$74:$E$84,0,0) -> 0 | K20: =BAU_Fuel_cons!T20*_xlfn.XLOOKUP($B20,efs!$A$74:$A$84,efs!$E$74:$E$84,0,0) -> 0 | L20: =BAU_Fuel_cons!U20*_xlfn.XLOOKUP($B20,efs!$A$74:$A$84,efs!$E$74:$E$84,0,0) -> 0 | ... AJ20: =BAU_Fuel_cons!AS20*_xlfn.XLOOKUP($B20,efs!$A$74:$A$84,efs!$E$74:$E$84,0,0) -> 0
A21: rural | B21: ethanol | C21: BAU | D21: ktons | E21: =BAU_Fuel_cons!N21*_xlfn.XLOOKUP($B21,efs!$A$74:$A$84,efs!$E$74:$E$84,0,0) -> 0 | F21: =BAU_Fuel_cons!O21*_xlfn.XLOOKUP($B21,efs!$A$74:$A$84,efs!$E$74:$E$84,0,0) -> 0 | G21: =BAU_Fuel_cons!P21*_xlfn.XLOOKUP($B21,efs!$A$74:$A$84,efs!$E$74:$E$84,0,0) -> 0 | H21: =BAU_Fuel_cons!Q21*_xlfn.XLOOKUP($B21,efs!$A$74:$A$84,efs!$E$74:$E$84,0,0) -> 0 | I21: =BAU_Fuel_cons!R21*_xlfn.XLOOKUP($B21,efs!$A$74:$A$84,efs!$E$74:$E$84,0,0) -> 0 | J21: =BAU_Fuel_cons!S21*_xlfn.XLOOKUP($B21,efs!$A$74:$A$84,efs!$E$74:$E$84,0,0) -> 0 | K21: =BAU_Fuel_cons!T21*_xlfn.XLOOKUP($B21,efs!$A$74:$A$84,efs!$E$74:$E$84,0,0) -> 0 | L21: =BAU_Fuel_cons!U21*_xlfn.XLOOKUP($B21,efs!$A$74:$A$84,efs!$E$74:$E$84,0,0) -> 0 | ... AJ21: =BAU_Fuel_cons!AS21*_xlfn.XLOOKUP($B21,efs!$A$74:$A$84,efs!$E$74:$E$84,0,0) -> 0
A22: rural | B22: biogas | C22: BAU | D22: ktons | E22: =BAU_Fuel_cons!N22*_xlfn.XLOOKUP($B22,efs!$A$74:$A$84,efs!$E$74:$E$84,0,0) -> 0 | F22: =BAU_Fuel_cons!O22*_xlfn.XLOOKUP($B22,efs!$A$74:$A$84,efs!$E$74:$E$84,0,0) -> 0 | G22: =BAU_Fuel_cons!P22*_xlfn.XLOOKUP($B22,efs!$A$74:$A$84,efs!$E$74:$E$84,0,0) -> 0 | H22: =BAU_Fuel_cons!Q22*_xlfn.XLOOKUP($B22,efs!$A$74:$A$84,efs!$E$74:$E$84,0,0) -> 0 | I22: =BAU_Fuel_cons!R22*_xlfn.XLOOKUP($B22,efs!$A$74:$A$84,efs!$E$74:$E$84,0,0) -> 0 | J22: =BAU_Fuel_cons!S22*_xlfn.XLOOKUP($B22,efs!$A$74:$A$84,efs!$E$74:$E$84,0,0) -> 0 | K22: =BAU_Fuel_cons!T22*_xlfn.XLOOKUP($B22,efs!$A$74:$A$84,efs!$E$74:$E$84,0,0) -> 0 | L22: =BAU_Fuel_cons!U22*_xlfn.XLOOKUP($B22,efs!$A$74:$A$84,efs!$E$74:$E$84,0,0) -> 0 | ... AJ22: =BAU_Fuel_cons!AS22*_xlfn.XLOOKUP($B22,efs!$A$74:$A$84,efs!$E$74:$E$84,0,0) -> 0
A23: rural | B23: other | C23: BAU | D23: ktons | E23: =BAU_Fuel_cons!N23*_xlfn.XLOOKUP($B23,efs!$A$74:$A$84,efs!$E$74:$E$84,0,0) -> 0 | F23: =BAU_Fuel_cons!O23*_xlfn.XLOOKUP($B23,efs!$A$74:$A$84,efs!$E$74:$E$84,0,0) -> 0 | G23: =BAU_Fuel_cons!P23*_xlfn.XLOOKUP($B23,efs!$A$74:$A$84,efs!$E$74:$E$84,0,0) -> 0 | H23: =BAU_Fuel_cons!Q23*_xlfn.XLOOKUP($B23,efs!$A$74:$A$84,efs!$E$74:$E$84,0,0) -> 0 | I23: =BAU_Fuel_cons!R23*_xlfn.XLOOKUP($B23,efs!$A$74:$A$84,efs!$E$74:$E$84,0,0) -> 0 | J23: =BAU_Fuel_cons!S23*_xlfn.XLOOKUP($B23,efs!$A$74:$A$84,efs!$E$74:$E$84,0,0) -> 0 | K23: =BAU_Fuel_cons!T23*_xlfn.XLOOKUP($B23,efs!$A$74:$A$84,efs!$E$74:$E$84,0,0) -> 0 | L23: =BAU_Fuel_cons!U23*_xlfn.XLOOKUP($B23,efs!$A$74:$A$84,efs!$E$74:$E$84,0,0) -> 0 | ... AJ23: =BAU_Fuel_cons!AS23*_xlfn.XLOOKUP($B23,efs!$A$74:$A$84,efs!$E$74:$E$84,0,0) -> 0
A24: urban | B24: fuelwood | C24: BAU | D24: ktons | E24: =BAU_Fuel_cons!N24*_xlfn.XLOOKUP($B24,efs!$A$74:$A$84,efs!$E$74:$E$84,0,0) -> 1113.8154 | F24: =BAU_Fuel_cons!O24*_xlfn.XLOOKUP($B24,efs!$A$74:$A$84,efs!$E$74:$E$84,0,0) -> 1116.2052 | G24: =BAU_Fuel_cons!P24*_xlfn.XLOOKUP($B24,efs!$A$74:$A$84,efs!$E$74:$E$84,0,0) -> 1116.0519 | H24: =BAU_Fuel_cons!Q24*_xlfn.XLOOKUP($B24,efs!$A$74:$A$84,efs!$E$74:$E$84,0,0) -> 1113.1568 | I24: =BAU_Fuel_cons!R24*_xlfn.XLOOKUP($B24,efs!$A$74:$A$84,efs!$E$74:$E$84,0,0) -> 1107.2984 | J24: =BAU_Fuel_cons!S24*_xlfn.XLOOKUP($B24,efs!$A$74:$A$84,efs!$E$74:$E$84,0,0) -> 1098.2477 | K24: =BAU_Fuel_cons!T24*_xlfn.XLOOKUP($B24,efs!$A$74:$A$84,efs!$E$74:$E$84,0,0) -> 1100.7593 | L24: =BAU_Fuel_cons!U24*_xlfn.XLOOKUP($B24,efs!$A$74:$A$84,efs!$E$74:$E$84,0,0) -> 1100.8913 | ... AJ24: =BAU_Fuel_cons!AS24*_xlfn.XLOOKUP($B24,efs!$A$74:$A$84,efs!$E$74:$E$84,0,0) -> 0
A25: urban | B25: charcoal | C25: BAU | D25: ktons | E25: =BAU_Fuel_cons!N25*_xlfn.XLOOKUP($B25,efs!$A$74:$A$84,efs!$E$74:$E$84,0,0) -> 4547.5057 | F25: =BAU_Fuel_cons!O25*_xlfn.XLOOKUP($B25,efs!$A$74:$A$84,efs!$E$74:$E$84,0,0) -> 4843.9432 | G25: =BAU_Fuel_cons!P25*_xlfn.XLOOKUP($B25,efs!$A$74:$A$84,efs!$E$74:$E$84,0,0) -> 5155.5119 | H25: =BAU_Fuel_cons!Q25*_xlfn.XLOOKUP($B25,efs!$A$74:$A$84,efs!$E$74:$E$84,0,0) -> 5482.6683 | I25: =BAU_Fuel_cons!R25*_xlfn.XLOOKUP($B25,efs!$A$74:$A$84,efs!$E$74:$E$84,0,0) -> 5825.7618 | J25: =BAU_Fuel_cons!S25*_xlfn.XLOOKUP($B25,efs!$A$74:$A$84,efs!$E$74:$E$84,0,0) -> 6185.0849 | K25: =BAU_Fuel_cons!T25*_xlfn.XLOOKUP($B25,efs!$A$74:$A$84,efs!$E$74:$E$84,0,0) -> 6502.4476 | L25: =BAU_Fuel_cons!U25*_xlfn.XLOOKUP($B25,efs!$A$74:$A$84,efs!$E$74:$E$84,0,0) -> 6831.7531 | ... AJ25: =BAU_Fuel_cons!AS25*_xlfn.XLOOKUP($B25,efs!$A$74:$A$84,efs!$E$74:$E$84,0,0) -> 18608.959
A26: urban | B26: Imp_fuelwood | C26: BAU | D26: ktons | E26: =BAU_Fuel_cons!N26*_xlfn.XLOOKUP($B26,efs!$A$74:$A$84,efs!$E$74:$E$84,0,0) -> 27.367631 | F26: =BAU_Fuel_cons!O26*_xlfn.XLOOKUP($B26,efs!$A$74:$A$84,efs!$E$74:$E$84,0,0) -> 33.832143 | G26: =BAU_Fuel_cons!P26*_xlfn.XLOOKUP($B26,efs!$A$74:$A$84,efs!$E$74:$E$84,0,0) -> 40.804285 | H26: =BAU_Fuel_cons!Q26*_xlfn.XLOOKUP($B26,efs!$A$74:$A$84,efs!$E$74:$E$84,0,0) -> 48.30749 | I26: =BAU_Fuel_cons!R26*_xlfn.XLOOKUP($B26,efs!$A$74:$A$84,efs!$E$74:$E$84,0,0) -> 56.364335 | J26: =BAU_Fuel_cons!S26*_xlfn.XLOOKUP($B26,efs!$A$74:$A$84,efs!$E$74:$E$84,0,0) -> 64.996615 | K26: =BAU_Fuel_cons!T26*_xlfn.XLOOKUP($B26,efs!$A$74:$A$84,efs!$E$74:$E$84,0,0) -> 73.736425 | L26: =BAU_Fuel_cons!U26*_xlfn.XLOOKUP($B26,efs!$A$74:$A$84,efs!$E$74:$E$84,0,0) -> 83.053486 | ... AJ26: =BAU_Fuel_cons!AS26*_xlfn.XLOOKUP($B26,efs!$A$74:$A$84,efs!$E$74:$E$84,0,0) -> 527.25335
A27: urban | B27: Imp_charcoal | C27: BAU | D27: ktons | E27: =BAU_Fuel_cons!N27*_xlfn.XLOOKUP($B27,efs!$A$74:$A$84,efs!$E$74:$E$84,0,0) -> 14.0293 | F27: =BAU_Fuel_cons!O27*_xlfn.XLOOKUP($B27,efs!$A$74:$A$84,efs!$E$74:$E$84,0,0) -> 17.343163 | G27: =BAU_Fuel_cons!P27*_xlfn.XLOOKUP($B27,efs!$A$74:$A$84,efs!$E$74:$E$84,0,0) -> 20.917249 | H27: =BAU_Fuel_cons!Q27*_xlfn.XLOOKUP($B27,efs!$A$74:$A$84,efs!$E$74:$E$84,0,0) -> 24.76357 | I27: =BAU_Fuel_cons!R27*_xlfn.XLOOKUP($B27,efs!$A$74:$A$84,efs!$E$74:$E$84,0,0) -> 28.893701 | J27: =BAU_Fuel_cons!S27*_xlfn.XLOOKUP($B27,efs!$A$74:$A$84,efs!$E$74:$E$84,0,0) -> 33.318814 | K27: =BAU_Fuel_cons!T27*_xlfn.XLOOKUP($B27,efs!$A$74:$A$84,efs!$E$74:$E$84,0,0) -> 37.799049 | L27: =BAU_Fuel_cons!U27*_xlfn.XLOOKUP($B27,efs!$A$74:$A$84,efs!$E$74:$E$84,0,0) -> 42.575196 | ... AJ27: =BAU_Fuel_cons!AS27*_xlfn.XLOOKUP($B27,efs!$A$74:$A$84,efs!$E$74:$E$84,0,0) -> 270.28263
... A34: urban | B34: other | C34: BAU | D34: ktons | E34: =BAU_Fuel_cons!N34*_xlfn.XLOOKUP($B34,efs!$A$74:$A$84,efs!$E$74:$E$84,0,0) -> 0 | F34: =BAU_Fuel_cons!O34*_xlfn.XLOOKUP($B34,efs!$A$74:$A$84,efs!$E$74:$E$84,0,0) -> 0 | G34: =BAU_Fuel_cons!P34*_xlfn.XLOOKUP($B34,efs!$A$74:$A$84,efs!$E$74:$E$84,0,0) -> 0 | H34: =BAU_Fuel_cons!Q34*_xlfn.XLOOKUP($B34,efs!$A$74:$A$84,efs!$E$74:$E$84,0,0) -> 0 | I34: =BAU_Fuel_cons!R34*_xlfn.XLOOKUP($B34,efs!$A$74:$A$84,efs!$E$74:$E$84,0,0) -> 0 | J34: =BAU_Fuel_cons!S34*_xlfn.XLOOKUP($B34,efs!$A$74:$A$84,efs!$E$74:$E$84,0,0) -> 0 | K34: =BAU_Fuel_cons!T34*_xlfn.XLOOKUP($B34,efs!$A$74:$A$84,efs!$E$74:$E$84,0,0) -> 0 | L34: =BAU_Fuel_cons!U34*_xlfn.XLOOKUP($B34,efs!$A$74:$A$84,efs!$E$74:$E$84,0,0) -> 0 | ... AJ34: =BAU_Fuel_cons!AS34*_xlfn.XLOOKUP($B34,efs!$A$74:$A$84,efs!$E$74:$E$84,0,0) -> 0
D35: overall | E35: =SUM(E2:E12) -> 13815.53 | F35: =SUM(F2:F12) -> 14369.78 | G35: =SUM(G2:G12) -> 14940.516 | H35: =SUM(H2:H12) -> 15527.907 | I35: =SUM(I2:I12) -> 16132.184 | J35: =SUM(J2:J12) -> 16753.684 | K35: =SUM(K2:K12) -> 17371.934 | L35: =SUM(L2:L12) -> 18004.774 | ... AJ35: =SUM(AJ2:AJ12) -> 36364.563
D36: rural | E36: =SUM(E13:E23) -> 8034.6719 | F36: =SUM(F13:F23) -> 8279.7223 | G36: =SUM(G13:G23) -> 8528.0426 | H36: =SUM(H13:H23) -> 8779.521 | I36: =SUM(I13:I23) -> 9034.2407 | J36: =SUM(J13:J23) -> 9292.4017 | K36: =SUM(K13:K23) -> 9577.3756 | L36: =SUM(L13:L23) -> 9866.6754 | ... AJ36: =SUM(AJ13:AJ23) -> 16958.067
D37: urban | E37: =SUM(E24:E34) -> 5780.8579 | F37: =SUM(F24:F34) -> 6090.058 | G37: =SUM(G24:G34) -> 6412.4734 | H37: =SUM(H24:H34) -> 6748.3858 | I37: =SUM(I24:I34) -> 7097.943 | J37: =SUM(J24:J34) -> 7461.282 | K37: =SUM(K24:K34) -> 7794.5584 | L37: =SUM(L24:L34) -> 8138.0987 | ... AJ37: =SUM(AJ24:AJ34) -> 19406.495
A39: BC | B39: Fuel | C39: Scenario | D39: unit | E39: 2019 | F39: 2020 | G39: 2021 | H39: 2022 | I39: 2023 | J39: 2024 | K39: 2025 | L39: 2026 | M39: 2027 | N39: 2028 | O39: 2029 | P39: 2030 | Q39: 2031 | R39: 2032 | S39: 2033 | T39: 2034 | U39: 2035 | V39: 2036 | W39: 2037 | X39: 2038 | Y39: 2039 | Z39: 2040 | AA39: 2041 | AB39: 2042 | AC39: 2043 | AD39: 2044 | AE39: 2045 | AF39: 2046 | AG39: 2047 | AH39: 2048 | AI39: 2049 | AJ39: 2050 | AU39: 2020 | AV39: 2025 | AW39: 2030 | AX39: 2035 | AY39: 2040 | AZ39: 2045 | BA39: 2050
A40: overall | B40: fuelwood | C40: BAU | D40: ktons | E40: =SUM(E51,E62) -> 14.85614 | F40: =SUM(F51,F62) -> 15.011187 | G40: =SUM(G51,G62) -> 15.154693 | H40: =SUM(H51,H62) -> 15.286008 | I40: =SUM(I51,I62) -> 15.404742 | J40: =SUM(J51,J62) -> 15.510649 | K40: =SUM(K51,K62) -> 15.471583 | L40: =SUM(L51,L62) -> 15.413414 | ... AJ40: =SUM(AJ51,AJ62) -> 6.7214 | AT40: fuelwood | AU40: =_xlfn.XLOOKUP(AU$1,$E$1:$AJ$1,$E42:$AJ42)+_xlfn.XLOOKUP(AU$1,$E$1:$AJ$1,$E40:$AJ40) -> 15.074887 | AV40: =_xlfn.XLOOKUP(AV$1,$E$1:$AJ$1,$E42:$AJ42)+_xlfn.XLOOKUP(AV$1,$E$1:$AJ$1,$E40:$AJ40) -> 15.610416 | AW40: =_xlfn.XLOOKUP(AW$1,$E$1:$AJ$1,$E42:$AJ42)+_xlfn.XLOOKUP(AW$1,$E$1:$AJ$1,$E40:$AJ40) -> 15.202372 | AX40: =_xlfn.XLOOKUP(AX$1,$E$1:$AJ$1,$E42:$AJ42)+_xlfn.XLOOKUP(AX$1,$E$1:$AJ$1,$E40:$AJ40) -> 14.215531 | AY40: =_xlfn.XLOOKUP(AY$1,$E$1:$AJ$1,$E42:$AJ42)+_xlfn.XLOOKUP(AY$1,$E$1:$AJ$1,$E40:$AJ40) -> 12.642361 | AZ40: =_xlfn.XLOOKUP(AZ$1,$E$1:$AJ$1,$E42:$AJ42)+_xlfn.XLOOKUP(AZ$1,$E$1:$AJ$1,$E40:$AJ40) -> 10.475064 | BA40: =_xlfn.XLOOKUP(BA$1,$E$1:$AJ$1,$E42:$AJ42)+_xlfn.XLOOKUP(BA$1,$E$1:$AJ$1,$E40:$AJ40) -> 7.7141284
A41: overall | B41: charcoal | C41: BAU | D41: ktons | E41: =SUM(E52,E63) -> 6.0620114 | F41: =SUM(F52,F63) -> 6.5445589 | G41: =SUM(G52,G63) -> 7.0501012 | H41: =SUM(H52,H63) -> 7.5791519 | I41: =SUM(I52,I63) -> 8.1321488 | J41: =SUM(J52,J63) -> 8.7095028 | K41: =SUM(K52,K63) -> 9.3633098 | L41: =SUM(L52,L63) -> 10.042239 | ... AJ41: =SUM(AJ52,AJ63) -> 33.437142 | AT41: charcoal | AU41: =(_xlfn.XLOOKUP(AU$1,$E$1:$AJ$1,$E43:$AJ43)+_xlfn.XLOOKUP(AU$1,$E$1:$AJ$1,$E41:$AJ41)) -> 6.5626826 | AV41: =(_xlfn.XLOOKUP(AV$1,$E$1:$AJ$1,$E43:$AJ43)+_xlfn.XLOOKUP(AV$1,$E$1:$AJ$1,$E41:$AJ41)) -> 9.4028099 | AW41: =(_xlfn.XLOOKUP(AW$1,$E$1:$AJ$1,$E43:$AJ43)+_xlfn.XLOOKUP(AW$1,$E$1:$AJ$1,$E41:$AJ41)) -> 13.073899 | AX41: =(_xlfn.XLOOKUP(AX$1,$E$1:$AJ$1,$E43:$AJ43)+_xlfn.XLOOKUP(AX$1,$E$1:$AJ$1,$E41:$AJ41)) -> 17.343537 | AY41: =(_xlfn.XLOOKUP(AY$1,$E$1:$AJ$1,$E43:$AJ43)+_xlfn.XLOOKUP(AY$1,$E$1:$AJ$1,$E41:$AJ41)) -> 22.220604 | AZ41: =(_xlfn.XLOOKUP(AZ$1,$E$1:$AJ$1,$E43:$AJ43)+_xlfn.XLOOKUP(AZ$1,$E$1:$AJ$1,$E41:$AJ41)) -> 27.696447 | BA41: =(_xlfn.XLOOKUP(BA$1,$E$1:$AJ$1,$E43:$AJ43)+_xlfn.XLOOKUP(BA$1,$E$1:$AJ$1,$E41:$AJ41)) -> 33.719588
A42: overall | B42: Imp_fuelwood | C42: BAU | D42: ktons | E42: =SUM(E53,E64) -> 0.051528592 | F42: =SUM(F53,F64) -> 0.06370017 | G42: =SUM(G53,G64) -> 0.076827527 | H42: =SUM(H53,H64) -> 0.090954785 | I42: =SUM(I53,I64) -> 0.10612445 | J42: =SUM(J53,J64) -> 0.12237757 | K42: =SUM(K53,K64) -> 0.13883314 | L42: =SUM(L53,L64) -> 0.15637558 | ... AJ42: =SUM(AJ53,AJ64) -> 0.99272836 | AT42: Gas | AU42: =_xlfn.XLOOKUP(AU$1,$E$1:$AJ$1,$E44:$AJ44) -> 5.7900878e-05 | AV42: =_xlfn.XLOOKUP(AV$1,$E$1:$AJ$1,$E44:$AJ44) -> 9.7686497e-05 | AW42: =_xlfn.XLOOKUP(AW$1,$E$1:$AJ$1,$E44:$AJ44) -> 9.5094943e-05 | AX42: =_xlfn.XLOOKUP(AX$1,$E$1:$AJ$1,$E44:$AJ44) -> 8.5421645e-05 | AY42: =_xlfn.XLOOKUP(AY$1,$E$1:$AJ$1,$E44:$AJ44) -> 6.7351449e-05 | AZ42: =_xlfn.XLOOKUP(AZ$1,$E$1:$AJ$1,$E44:$AJ44) -> 3.9405522e-05 | BA42: =_xlfn.XLOOKUP(BA$1,$E$1:$AJ$1,$E44:$AJ44) -> 0
A43: overall | B43: Imp_charcoal | C43: BAU | D43: ktons | E43: =SUM(E54,E65) -> 0.014660654 | F43: =SUM(F54,F65) -> 0.018123649 | G43: =SUM(G54,G65) -> 0.021858578 | H43: =SUM(H54,H65) -> 0.025877994 | I43: =SUM(I54,I65) -> 0.030193991 | J43: =SUM(J54,J65) -> 0.034818245 | K43: =SUM(K54,K65) -> 0.039500102 | L43: =SUM(L54,L65) -> 0.044491188 | ... AJ43: =SUM(AJ54,AJ65) -> 0.28244603 | AT43: kerosene | AU43: =_xlfn.XLOOKUP(AU$1,$E$1:$AJ$1,$E45:$AJ45) -> 2.2811668e-06 | AV43: =_xlfn.XLOOKUP(AV$1,$E$1:$AJ$1,$E45:$AJ45) -> 0 | AW43: =_xlfn.XLOOKUP(AW$1,$E$1:$AJ$1,$E45:$AJ45) -> 0 | AX43: =_xlfn.XLOOKUP(AX$1,$E$1:$AJ$1,$E45:$AJ45) -> 0 | AY43: =_xlfn.XLOOKUP(AY$1,$E$1:$AJ$1,$E45:$AJ45) -> 0 | AZ43: =_xlfn.XLOOKUP(AZ$1,$E$1:$AJ$1,$E45:$AJ45) -> 0 | BA43: =_xlfn.XLOOKUP(BA$1,$E$1:$AJ$1,$E45:$AJ45) -> 0
A44: overall | B44: Gas | C44: BAU | D44: ktons | E44: =SUM(E55,E66) -> 4.961586e-05 | F44: =SUM(F55,F66) -> 5.7900878e-05 | G44: =SUM(G55,G66) -> 6.6805988e-05 | H44: =SUM(H55,H66) -> 7.6359122e-05 | I44: =SUM(I55,I66) -> 8.658695e-05 | J44: =SUM(J55,J66) -> 9.751509e-05 | K44: =SUM(K55,K66) -> 9.7686497e-05 | L44: =SUM(L55,L66) -> 9.7648006e-05 | ... AJ44: =SUM(AJ55,AJ66) -> 0 | AT44: electric | AU44: =_xlfn.XLOOKUP(AU$1,$E$1:$AJ$1,$E46:$AJ46) -> 0 | AV44: =_xlfn.XLOOKUP(AV$1,$E$1:$AJ$1,$E46:$AJ46) -> 0 | AW44: =_xlfn.XLOOKUP(AW$1,$E$1:$AJ$1,$E46:$AJ46) -> 0 | AX44: =_xlfn.XLOOKUP(AX$1,$E$1:$AJ$1,$E46:$AJ46) -> 0 | AY44: =_xlfn.XLOOKUP(AY$1,$E$1:$AJ$1,$E46:$AJ46) -> 0 | AZ44: =_xlfn.XLOOKUP(AZ$1,$E$1:$AJ$1,$E46:$AJ46) -> 0 | BA44: =_xlfn.XLOOKUP(BA$1,$E$1:$AJ$1,$E46:$AJ46) -> 0
A45: overall | B45: kerosene | C45: BAU | D45: ktons | E45: =SUM(E56,E67) -> 2.7783517e-06 | F45: =SUM(F56,F67) -> 2.2811668e-06 | G45: =SUM(G56,G67) -> 1.7328577e-06 | H45: =SUM(H56,H67) -> 1.1307056e-06 | I45: =SUM(I56,I67) -> 4.7195645e-07 | J45: =SUM(J56,J67) -> 0 | K45: =SUM(K56,K67) -> 0 | L45: =SUM(L56,L67) -> 0 | ... AJ45: =SUM(AJ56,AJ67) -> 0 | AT45: pellets | AU45: =_xlfn.XLOOKUP(AU$1,$E$1:$AJ$1,$E47:$AJ47) -> 0 | AV45: =_xlfn.XLOOKUP(AV$1,$E$1:$AJ$1,$E47:$AJ47) -> 0 | AW45: =_xlfn.XLOOKUP(AW$1,$E$1:$AJ$1,$E47:$AJ47) -> 0 | AX45: =_xlfn.XLOOKUP(AX$1,$E$1:$AJ$1,$E47:$AJ47) -> 0 | AY45: =_xlfn.XLOOKUP(AY$1,$E$1:$AJ$1,$E47:$AJ47) -> 0 | AZ45: =_xlfn.XLOOKUP(AZ$1,$E$1:$AJ$1,$E47:$AJ47) -> 0 | BA45: =_xlfn.XLOOKUP(BA$1,$E$1:$AJ$1,$E47:$AJ47) -> 0
A46: overall | B46: electric | C46: BAU | D46: ktons | E46: =SUM(E57,E68) -> 0 | F46: =SUM(F57,F68) -> 0 | G46: =SUM(G57,G68) -> 0 | H46: =SUM(H57,H68) -> 0 | I46: =SUM(I57,I68) -> 0 | J46: =SUM(J57,J68) -> 0 | K46: =SUM(K57,K68) -> 0 | L46: =SUM(L57,L68) -> 0 | ... AJ46: =SUM(AJ57,AJ68) -> 0 | AT46: ethanol | AU46: =_xlfn.XLOOKUP(AU$1,$E$1:$AJ$1,$E48:$AJ48) -> 0 | AV46: =_xlfn.XLOOKUP(AV$1,$E$1:$AJ$1,$E48:$AJ48) -> 0 | AW46: =_xlfn.XLOOKUP(AW$1,$E$1:$AJ$1,$E48:$AJ48) -> 0 | AX46: =_xlfn.XLOOKUP(AX$1,$E$1:$AJ$1,$E48:$AJ48) -> 0 | AY46: =_xlfn.XLOOKUP(AY$1,$E$1:$AJ$1,$E48:$AJ48) -> 0 | AZ46: =_xlfn.XLOOKUP(AZ$1,$E$1:$AJ$1,$E48:$AJ48) -> 0 | BA46: =_xlfn.XLOOKUP(BA$1,$E$1:$AJ$1,$E48:$AJ48) -> 0
A47: overall | B47: pellets | C47: BAU | D47: ktons | E47: =SUM(E58,E69) -> 0 | F47: =SUM(F58,F69) -> 0 | G47: =SUM(G58,G69) -> 0 | H47: =SUM(H58,H69) -> 0 | I47: =SUM(I58,I69) -> 0 | J47: =SUM(J58,J69) -> 0 | K47: =SUM(K58,K69) -> 0 | L47: =SUM(L58,L69) -> 0 | ... AJ47: =SUM(AJ58,AJ69) -> 0 | AT47: biogas | AU47: =_xlfn.XLOOKUP(AU$1,$E$1:$AJ$1,$E49:$AJ49) -> 0 | AV47: =_xlfn.XLOOKUP(AV$1,$E$1:$AJ$1,$E49:$AJ49) -> 0 | AW47: =_xlfn.XLOOKUP(AW$1,$E$1:$AJ$1,$E49:$AJ49) -> 0 | AX47: =_xlfn.XLOOKUP(AX$1,$E$1:$AJ$1,$E49:$AJ49) -> 0 | AY47: =_xlfn.XLOOKUP(AY$1,$E$1:$AJ$1,$E49:$AJ49) -> 0 | AZ47: =_xlfn.XLOOKUP(AZ$1,$E$1:$AJ$1,$E49:$AJ49) -> 0 | BA47: =_xlfn.XLOOKUP(BA$1,$E$1:$AJ$1,$E49:$AJ49) -> 0
A48: overall | B48: ethanol | C48: BAU | D48: ktons | E48: =SUM(E59,E70) -> 0 | F48: =SUM(F59,F70) -> 0 | G48: =SUM(G59,G70) -> 0 | H48: =SUM(H59,H70) -> 0 | I48: =SUM(I59,I70) -> 0 | J48: =SUM(J59,J70) -> 0 | K48: =SUM(K59,K70) -> 0 | L48: =SUM(L59,L70) -> 0 | ... AJ48: =SUM(AJ59,AJ70) -> 0
A49: overall | B49: biogas | C49: BAU | D49: ktons | E49: =SUM(E60,E71) -> 0 | F49: =SUM(F60,F71) -> 0 | G49: =SUM(G60,G71) -> 0 | H49: =SUM(H60,H71) -> 0 | I49: =SUM(I60,I71) -> 0 | J49: =SUM(J60,J71) -> 0 | K49: =SUM(K60,K71) -> 0 | L49: =SUM(L60,L71) -> 0 | ... AJ49: =SUM(AJ60,AJ71) -> 0
A50: overall | B50: other | C50: BAU | D50: ktons | E50: =SUM(E61,E72) -> 0 | F50: =SUM(F61,F72) -> 0 | G50: =SUM(G61,G72) -> 0 | H50: =SUM(H61,H72) -> 0 | I50: =SUM(I61,I72) -> 0 | J50: =SUM(J61,J72) -> 0 | K50: =SUM(K61,K72) -> 0 | L50: =SUM(L61,L72) -> 0 | ... AJ50: =SUM(AJ61,AJ72) -> 0 | AS50: Total BC | AT50: BAU | AU50: =SUM(AU40:AU47) -> 21.63763 | AV50: =SUM(AV40:AV47) -> 25.013323 | AW50: =SUM(AW40:AW47) -> 28.276366 | AX50: =SUM(AX40:AX47) -> 31.559153 | AY50: =SUM(AY40:AY47) -> 34.863033 | AZ50: =SUM(AZ40:AZ47) -> 38.171551 | BA50: =SUM(BA40:BA47) -> 41.433716
A51: rural | B51: fuelwood | C51: BAU | D51: ktons | E51: =BAU_Fuel_cons!N13*_xlfn.XLOOKUP($B51,efs!$A$74:$A$84,efs!$F$74:$F$84,0,0) -> 12.759015 | F51: =BAU_Fuel_cons!O13*_xlfn.XLOOKUP($B51,efs!$A$74:$A$84,efs!$F$74:$F$84,0,0) -> 12.909562 | G51: =BAU_Fuel_cons!P13*_xlfn.XLOOKUP($B51,efs!$A$74:$A$84,efs!$F$74:$F$84,0,0) -> 13.053357 | H51: =BAU_Fuel_cons!Q13*_xlfn.XLOOKUP($B51,efs!$A$74:$A$84,efs!$F$74:$F$84,0,0) -> 13.190123 | I51: =BAU_Fuel_cons!R13*_xlfn.XLOOKUP($B51,efs!$A$74:$A$84,efs!$F$74:$F$84,0,0) -> 13.319887 | J51: =BAU_Fuel_cons!S13*_xlfn.XLOOKUP($B51,efs!$A$74:$A$84,efs!$F$74:$F$84,0,0) -> 13.442836 | K51: =BAU_Fuel_cons!T13*_xlfn.XLOOKUP($B51,efs!$A$74:$A$84,efs!$F$74:$F$84,0,0) -> 13.39904 | L51: =BAU_Fuel_cons!U13*_xlfn.XLOOKUP($B51,efs!$A$74:$A$84,efs!$F$74:$F$84,0,0) -> 13.340623 | ... AJ51: =BAU_Fuel_cons!AS13*_xlfn.XLOOKUP($B51,efs!$A$74:$A$84,efs!$F$74:$F$84,0,0) -> 6.7214 | AT51: NICCS | AU51: =SUM(NICCS_emissions!AU40:AU47) -> 21.63763 | AV51: =SUM(NICCS_emissions!AV40:AV47) -> 25.013323 | AW51: =SUM(NICCS_emissions!AW40:AW47) -> 21.245229 | AX51: =SUM(NICCS_emissions!AX40:AX47) -> 15.447141 | AY51: =SUM(NICCS_emissions!AY40:AY47) -> 7.470508 | AZ51: =SUM(NICCS_emissions!AZ40:AZ47) -> 8.1442524 | BA51: =SUM(NICCS_emissions!BA40:BA47) -> 8.7839708
A52: rural | B52: charcoal | C52: BAU | D52: ktons | E52: =BAU_Fuel_cons!N14*_xlfn.XLOOKUP($B52,efs!$A$74:$A$84,efs!$F$74:$F$84,0,0) -> 1.3098564 | F52: =BAU_Fuel_cons!O14*_xlfn.XLOOKUP($B52,efs!$A$74:$A$84,efs!$F$74:$F$84,0,0) -> 1.482626 | G52: =BAU_Fuel_cons!P14*_xlfn.XLOOKUP($B52,efs!$A$74:$A$84,efs!$F$74:$F$84,0,0) -> 1.6625782 | H52: =BAU_Fuel_cons!Q14*_xlfn.XLOOKUP($B52,efs!$A$74:$A$84,efs!$F$74:$F$84,0,0) -> 1.8497496 | I52: =BAU_Fuel_cons!R14*_xlfn.XLOOKUP($B52,efs!$A$74:$A$84,efs!$F$74:$F$84,0,0) -> 2.044213 | J52: =BAU_Fuel_cons!S14*_xlfn.XLOOKUP($B52,efs!$A$74:$A$84,efs!$F$74:$F$84,0,0) -> 2.2460734 | K52: =BAU_Fuel_cons!T14*_xlfn.XLOOKUP($B52,efs!$A$74:$A$84,efs!$F$74:$F$84,0,0) -> 2.5682356 | L52: =BAU_Fuel_cons!U14*_xlfn.XLOOKUP($B52,efs!$A$74:$A$84,efs!$F$74:$F$84,0,0) -> 2.9030396 | ... AJ52: =BAU_Fuel_cons!AS14*_xlfn.XLOOKUP($B52,efs!$A$74:$A$84,efs!$F$74:$F$84,0,0) -> 13.990732
A53: rural | B53: Imp_fuelwood | C53: BAU | D53: ktons | E53: =BAU_Fuel_cons!N15*_xlfn.XLOOKUP($B53,efs!$A$74:$A$84,efs!$F$74:$F$84,0,0) -> 0 | F53: =BAU_Fuel_cons!O15*_xlfn.XLOOKUP($B53,efs!$A$74:$A$84,efs!$F$74:$F$84,0,0) -> 0 | G53: =BAU_Fuel_cons!P15*_xlfn.XLOOKUP($B53,efs!$A$74:$A$84,efs!$F$74:$F$84,0,0) -> 0 | H53: =BAU_Fuel_cons!Q15*_xlfn.XLOOKUP($B53,efs!$A$74:$A$84,efs!$F$74:$F$84,0,0) -> 0 | I53: =BAU_Fuel_cons!R15*_xlfn.XLOOKUP($B53,efs!$A$74:$A$84,efs!$F$74:$F$84,0,0) -> 0 | J53: =BAU_Fuel_cons!S15*_xlfn.XLOOKUP($B53,efs!$A$74:$A$84,efs!$F$74:$F$84,0,0) -> 0 | K53: =BAU_Fuel_cons!T15*_xlfn.XLOOKUP($B53,efs!$A$74:$A$84,efs!$F$74:$F$84,0,0) -> 0 | L53: =BAU_Fuel_cons!U15*_xlfn.XLOOKUP($B53,efs!$A$74:$A$84,efs!$F$74:$F$84,0,0) -> 0 | ... AJ53: =BAU_Fuel_cons!AS15*_xlfn.XLOOKUP($B53,efs!$A$74:$A$84,efs!$F$74:$F$84,0,0) -> 0 | AU53: =(AU51-AU50)/AU50 -> 0 | AV53: =(AV51-AV50)/AV50 -> 0 | AW53: =(AW51-AW50)/AW50 -> -0.24865772 | AX53: =(AX51-AX50)/AX50 -> -0.51053373 | AY53: =(AY51-AY50)/AY50 -> -0.78571836 | AZ53: =(AZ51-AZ50)/AZ50 -> -0.78664078 | BA53: =(BA51-BA50)/BA50 -> -0.78799945
A54: rural | B54: Imp_charcoal | C54: BAU | D54: ktons | E54: =BAU_Fuel_cons!N16*_xlfn.XLOOKUP($B54,efs!$A$74:$A$84,efs!$F$74:$F$84,0,0) -> 0 | F54: =BAU_Fuel_cons!O16*_xlfn.XLOOKUP($B54,efs!$A$74:$A$84,efs!$F$74:$F$84,0,0) -> 0 | G54: =BAU_Fuel_cons!P16*_xlfn.XLOOKUP($B54,efs!$A$74:$A$84,efs!$F$74:$F$84,0,0) -> 0 | H54: =BAU_Fuel_cons!Q16*_xlfn.XLOOKUP($B54,efs!$A$74:$A$84,efs!$F$74:$F$84,0,0) -> 0 | I54: =BAU_Fuel_cons!R16*_xlfn.XLOOKUP($B54,efs!$A$74:$A$84,efs!$F$74:$F$84,0,0) -> 0 | J54: =BAU_Fuel_cons!S16*_xlfn.XLOOKUP($B54,efs!$A$74:$A$84,efs!$F$74:$F$84,0,0) -> 0 | K54: =BAU_Fuel_cons!T16*_xlfn.XLOOKUP($B54,efs!$A$74:$A$84,efs!$F$74:$F$84,0,0) -> 0 | L54: =BAU_Fuel_cons!U16*_xlfn.XLOOKUP($B54,efs!$A$74:$A$84,efs!$F$74:$F$84,0,0) -> 0 | ... AJ54: =BAU_Fuel_cons!AS16*_xlfn.XLOOKUP($B54,efs!$A$74:$A$84,efs!$F$74:$F$84,0,0) -> 0
A55: rural | B55: Gas | C55: BAU | D55: ktons | E55: =BAU_Fuel_cons!N17*_xlfn.XLOOKUP($B55,efs!$A$74:$A$84,efs!$F$74:$F$84,0,0) -> 3.0402179e-06 | F55: =BAU_Fuel_cons!O17*_xlfn.XLOOKUP($B55,efs!$A$74:$A$84,efs!$F$74:$F$84,0,0) -> 3.0051034e-06 | G55: =BAU_Fuel_cons!P17*_xlfn.XLOOKUP($B55,efs!$A$74:$A$84,efs!$F$74:$F$84,0,0) -> 2.9648261e-06 | H55: =BAU_Fuel_cons!Q17*_xlfn.XLOOKUP($B55,efs!$A$74:$A$84,efs!$F$74:$F$84,0,0) -> 2.9192909e-06 | I55: =BAU_Fuel_cons!R17*_xlfn.XLOOKUP($B55,efs!$A$74:$A$84,efs!$F$74:$F$84,0,0) -> 2.8684723e-06 | J55: =BAU_Fuel_cons!S17*_xlfn.XLOOKUP($B55,efs!$A$74:$A$84,efs!$F$74:$F$84,0,0) -> 2.8123762e-06 | K55: =BAU_Fuel_cons!T17*_xlfn.XLOOKUP($B55,efs!$A$74:$A$84,efs!$F$74:$F$84,0,0) -> 2.7672081e-06 | L55: =BAU_Fuel_cons!U17*_xlfn.XLOOKUP($B55,efs!$A$74:$A$84,efs!$F$74:$F$84,0,0) -> 2.7173325e-06 | ... AJ55: =BAU_Fuel_cons!AS17*_xlfn.XLOOKUP($B55,efs!$A$74:$A$84,efs!$F$74:$F$84,0,0) -> 0
A56: rural | B56: kerosene | C56: BAU | D56: ktons | E56: =BAU_Fuel_cons!N18*_xlfn.XLOOKUP($B56,efs!$A$74:$A$84,efs!$F$74:$F$84,0,0) -> 0 | F56: =BAU_Fuel_cons!O18*_xlfn.XLOOKUP($B56,efs!$A$74:$A$84,efs!$F$74:$F$84,0,0) -> 0 | G56: =BAU_Fuel_cons!P18*_xlfn.XLOOKUP($B56,efs!$A$74:$A$84,efs!$F$74:$F$84,0,0) -> 0 | H56: =BAU_Fuel_cons!Q18*_xlfn.XLOOKUP($B56,efs!$A$74:$A$84,efs!$F$74:$F$84,0,0) -> 0 | I56: =BAU_Fuel_cons!R18*_xlfn.XLOOKUP($B56,efs!$A$74:$A$84,efs!$F$74:$F$84,0,0) -> 0 | J56: =BAU_Fuel_cons!S18*_xlfn.XLOOKUP($B56,efs!$A$74:$A$84,efs!$F$74:$F$84,0,0) -> 0 | K56: =BAU_Fuel_cons!T18*_xlfn.XLOOKUP($B56,efs!$A$74:$A$84,efs!$F$74:$F$84,0,0) -> 0 | L56: =BAU_Fuel_cons!U18*_xlfn.XLOOKUP($B56,efs!$A$74:$A$84,efs!$F$74:$F$84,0,0) -> 0 | ... AJ56: =BAU_Fuel_cons!AS18*_xlfn.XLOOKUP($B56,efs!$A$74:$A$84,efs!$F$74:$F$84,0,0) -> 0
A57: rural | B57: electric | C57: BAU | D57: ktons | E57: =BAU_Fuel_cons!N19*_xlfn.XLOOKUP($B57,efs!$A$74:$A$84,efs!$F$74:$F$84,0,0) -> 0 | F57: =BAU_Fuel_cons!O19*_xlfn.XLOOKUP($B57,efs!$A$74:$A$84,efs!$F$74:$F$84,0,0) -> 0 | G57: =BAU_Fuel_cons!P19*_xlfn.XLOOKUP($B57,efs!$A$74:$A$84,efs!$F$74:$F$84,0,0) -> 0 | H57: =BAU_Fuel_cons!Q19*_xlfn.XLOOKUP($B57,efs!$A$74:$A$84,efs!$F$74:$F$84,0,0) -> 0 | I57: =BAU_Fuel_cons!R19*_xlfn.XLOOKUP($B57,efs!$A$74:$A$84,efs!$F$74:$F$84,0,0) -> 0 | J57: =BAU_Fuel_cons!S19*_xlfn.XLOOKUP($B57,efs!$A$74:$A$84,efs!$F$74:$F$84,0,0) -> 0 | K57: =BAU_Fuel_cons!T19*_xlfn.XLOOKUP($B57,efs!$A$74:$A$84,efs!$F$74:$F$84,0,0) -> 0 | L57: =BAU_Fuel_cons!U19*_xlfn.XLOOKUP($B57,efs!$A$74:$A$84,efs!$F$74:$F$84,0,0) -> 0 | ... AJ57: =BAU_Fuel_cons!AS19*_xlfn.XLOOKUP($B57,efs!$A$74:$A$84,efs!$F$74:$F$84,0,0) -> 0
A58: rural | B58: pellets | C58: BAU | D58: ktons | E58: =BAU_Fuel_cons!N20*_xlfn.XLOOKUP($B58,efs!$A$74:$A$84,efs!$F$74:$F$84,0,0) -> 0 | F58: =BAU_Fuel_cons!O20*_xlfn.XLOOKUP($B58,efs!$A$74:$A$84,efs!$F$74:$F$84,0,0) -> 0 | G58: =BAU_Fuel_cons!P20*_xlfn.XLOOKUP($B58,efs!$A$74:$A$84,efs!$F$74:$F$84,0,0) -> 0 | H58: =BAU_Fuel_cons!Q20*_xlfn.XLOOKUP($B58,efs!$A$74:$A$84,efs!$F$74:$F$84,0,0) -> 0 | I58: =BAU_Fuel_cons!R20*_xlfn.XLOOKUP($B58,efs!$A$74:$A$84,efs!$F$74:$F$84,0,0) -> 0 | J58: =BAU_Fuel_cons!S20*_xlfn.XLOOKUP($B58,efs!$A$74:$A$84,efs!$F$74:$F$84,0,0) -> 0 | K58: =BAU_Fuel_cons!T20*_xlfn.XLOOKUP($B58,efs!$A$74:$A$84,efs!$F$74:$F$84,0,0) -> 0 | L58: =BAU_Fuel_cons!U20*_xlfn.XLOOKUP($B58,efs!$A$74:$A$84,efs!$F$74:$F$84,0,0) -> 0 | ... AJ58: =BAU_Fuel_cons!AS20*_xlfn.XLOOKUP($B58,efs!$A$74:$A$84,efs!$F$74:$F$84,0,0) -> 0
A59: rural | B59: ethanol | C59: BAU | D59: ktons | E59: =BAU_Fuel_cons!N21*_xlfn.XLOOKUP($B59,efs!$A$74:$A$84,efs!$F$74:$F$84,0,0) -> 0 | F59: =BAU_Fuel_cons!O21*_xlfn.XLOOKUP($B59,efs!$A$74:$A$84,efs!$F$74:$F$84,0,0) -> 0 | G59: =BAU_Fuel_cons!P21*_xlfn.XLOOKUP($B59,efs!$A$74:$A$84,efs!$F$74:$F$84,0,0) -> 0 | H59: =BAU_Fuel_cons!Q21*_xlfn.XLOOKUP($B59,efs!$A$74:$A$84,efs!$F$74:$F$84,0,0) -> 0 | I59: =BAU_Fuel_cons!R21*_xlfn.XLOOKUP($B59,efs!$A$74:$A$84,efs!$F$74:$F$84,0,0) -> 0 | J59: =BAU_Fuel_cons!S21*_xlfn.XLOOKUP($B59,efs!$A$74:$A$84,efs!$F$74:$F$84,0,0) -> 0 | K59: =BAU_Fuel_cons!T21*_xlfn.XLOOKUP($B59,efs!$A$74:$A$84,efs!$F$74:$F$84,0,0) -> 0 | L59: =BAU_Fuel_cons!U21*_xlfn.XLOOKUP($B59,efs!$A$74:$A$84,efs!$F$74:$F$84,0,0) -> 0 | ... AJ59: =BAU_Fuel_cons!AS21*_xlfn.XLOOKUP($B59,efs!$A$74:$A$84,efs!$F$74:$F$84,0,0) -> 0
A60: rural | B60: biogas | C60: BAU | D60: ktons | E60: =BAU_Fuel_cons!N22*_xlfn.XLOOKUP($B60,efs!$A$74:$A$84,efs!$F$74:$F$84,0,0) -> 0 | F60: =BAU_Fuel_cons!O22*_xlfn.XLOOKUP($B60,efs!$A$74:$A$84,efs!$F$74:$F$84,0,0) -> 0 | G60: =BAU_Fuel_cons!P22*_xlfn.XLOOKUP($B60,efs!$A$74:$A$84,efs!$F$74:$F$84,0,0) -> 0 | H60: =BAU_Fuel_cons!Q22*_xlfn.XLOOKUP($B60,efs!$A$74:$A$84,efs!$F$74:$F$84,0,0) -> 0 | I60: =BAU_Fuel_cons!R22*_xlfn.XLOOKUP($B60,efs!$A$74:$A$84,efs!$F$74:$F$84,0,0) -> 0 | J60: =BAU_Fuel_cons!S22*_xlfn.XLOOKUP($B60,efs!$A$74:$A$84,efs!$F$74:$F$84,0,0) -> 0 | K60: =BAU_Fuel_cons!T22*_xlfn.XLOOKUP($B60,efs!$A$74:$A$84,efs!$F$74:$F$84,0,0) -> 0 | L60: =BAU_Fuel_cons!U22*_xlfn.XLOOKUP($B60,efs!$A$74:$A$84,efs!$F$74:$F$84,0,0) -> 0 | ... AJ60: =BAU_Fuel_cons!AS22*_xlfn.XLOOKUP($B60,efs!$A$74:$A$84,efs!$F$74:$F$84,0,0) -> 0
A61: rural | B61: other | C61: BAU | D61: ktons | E61: =BAU_Fuel_cons!N23*_xlfn.XLOOKUP($B61,efs!$A$74:$A$84,efs!$F$74:$F$84,0,0) -> 0 | F61: =BAU_Fuel_cons!O23*_xlfn.XLOOKUP($B61,efs!$A$74:$A$84,efs!$F$74:$F$84,0,0) -> 0 | G61: =BAU_Fuel_cons!P23*_xlfn.XLOOKUP($B61,efs!$A$74:$A$84,efs!$F$74:$F$84,0,0) -> 0 | H61: =BAU_Fuel_cons!Q23*_xlfn.XLOOKUP($B61,efs!$A$74:$A$84,efs!$F$74:$F$84,0,0) -> 0 | I61: =BAU_Fuel_cons!R23*_xlfn.XLOOKUP($B61,efs!$A$74:$A$84,efs!$F$74:$F$84,0,0) -> 0 | J61: =BAU_Fuel_cons!S23*_xlfn.XLOOKUP($B61,efs!$A$74:$A$84,efs!$F$74:$F$84,0,0) -> 0 | K61: =BAU_Fuel_cons!T23*_xlfn.XLOOKUP($B61,efs!$A$74:$A$84,efs!$F$74:$F$84,0,0) -> 0 | L61: =BAU_Fuel_cons!U23*_xlfn.XLOOKUP($B61,efs!$A$74:$A$84,efs!$F$74:$F$84,0,0) -> 0 | ... AJ61: =BAU_Fuel_cons!AS23*_xlfn.XLOOKUP($B61,efs!$A$74:$A$84,efs!$F$74:$F$84,0,0) -> 0
A62: urban | B62: fuelwood | C62: BAU | D62: ktons | E62: =BAU_Fuel_cons!N24*_xlfn.XLOOKUP($B62,efs!$A$74:$A$84,efs!$F$74:$F$84,0,0) -> 2.0971249 | F62: =BAU_Fuel_cons!O24*_xlfn.XLOOKUP($B62,efs!$A$74:$A$84,efs!$F$74:$F$84,0,0) -> 2.1016246 | G62: =BAU_Fuel_cons!P24*_xlfn.XLOOKUP($B62,efs!$A$74:$A$84,efs!$F$74:$F$84,0,0) -> 2.1013358 | H62: =BAU_Fuel_cons!Q24*_xlfn.XLOOKUP($B62,efs!$A$74:$A$84,efs!$F$74:$F$84,0,0) -> 2.0958849 | I62: =BAU_Fuel_cons!R24*_xlfn.XLOOKUP($B62,efs!$A$74:$A$84,efs!$F$74:$F$84,0,0) -> 2.0848544 | J62: =BAU_Fuel_cons!S24*_xlfn.XLOOKUP($B62,efs!$A$74:$A$84,efs!$F$74:$F$84,0,0) -> 2.0678136 | K62: =BAU_Fuel_cons!T24*_xlfn.XLOOKUP($B62,efs!$A$74:$A$84,efs!$F$74:$F$84,0,0) -> 2.0725425 | L62: =BAU_Fuel_cons!U24*_xlfn.XLOOKUP($B62,efs!$A$74:$A$84,efs!$F$74:$F$84,0,0) -> 2.072791 | ... AJ62: =BAU_Fuel_cons!AS24*_xlfn.XLOOKUP($B62,efs!$A$74:$A$84,efs!$F$74:$F$84,0,0) -> 0
A63: urban | B63: charcoal | C63: BAU | D63: ktons | E63: =BAU_Fuel_cons!N25*_xlfn.XLOOKUP($B63,efs!$A$74:$A$84,efs!$F$74:$F$84,0,0) -> 4.752155 | F63: =BAU_Fuel_cons!O25*_xlfn.XLOOKUP($B63,efs!$A$74:$A$84,efs!$F$74:$F$84,0,0) -> 5.0619329 | G63: =BAU_Fuel_cons!P25*_xlfn.XLOOKUP($B63,efs!$A$74:$A$84,efs!$F$74:$F$84,0,0) -> 5.387523 | H63: =BAU_Fuel_cons!Q25*_xlfn.XLOOKUP($B63,efs!$A$74:$A$84,efs!$F$74:$F$84,0,0) -> 5.7294023 | I63: =BAU_Fuel_cons!R25*_xlfn.XLOOKUP($B63,efs!$A$74:$A$84,efs!$F$74:$F$84,0,0) -> 6.0879358 | J63: =BAU_Fuel_cons!S25*_xlfn.XLOOKUP($B63,efs!$A$74:$A$84,efs!$F$74:$F$84,0,0) -> 6.4634294 | K63: =BAU_Fuel_cons!T25*_xlfn.XLOOKUP($B63,efs!$A$74:$A$84,efs!$F$74:$F$84,0,0) -> 6.7950742 | L63: =BAU_Fuel_cons!U25*_xlfn.XLOOKUP($B63,efs!$A$74:$A$84,efs!$F$74:$F$84,0,0) -> 7.1391993 | ... AJ63: =BAU_Fuel_cons!AS25*_xlfn.XLOOKUP($B63,efs!$A$74:$A$84,efs!$F$74:$F$84,0,0) -> 19.44641
A64: urban | B64: Imp_fuelwood | C64: BAU | D64: ktons | E64: =BAU_Fuel_cons!N26*_xlfn.XLOOKUP($B64,efs!$A$74:$A$84,efs!$F$74:$F$84,0,0) -> 0.051528592 | F64: =BAU_Fuel_cons!O26*_xlfn.XLOOKUP($B64,efs!$A$74:$A$84,efs!$F$74:$F$84,0,0) -> 0.06370017 | G64: =BAU_Fuel_cons!P26*_xlfn.XLOOKUP($B64,efs!$A$74:$A$84,efs!$F$74:$F$84,0,0) -> 0.076827527 | H64: =BAU_Fuel_cons!Q26*_xlfn.XLOOKUP($B64,efs!$A$74:$A$84,efs!$F$74:$F$84,0,0) -> 0.090954785 | I64: =BAU_Fuel_cons!R26*_xlfn.XLOOKUP($B64,efs!$A$74:$A$84,efs!$F$74:$F$84,0,0) -> 0.10612445 | J64: =BAU_Fuel_cons!S26*_xlfn.XLOOKUP($B64,efs!$A$74:$A$84,efs!$F$74:$F$84,0,0) -> 0.12237757 | K64: =BAU_Fuel_cons!T26*_xlfn.XLOOKUP($B64,efs!$A$74:$A$84,efs!$F$74:$F$84,0,0) -> 0.13883314 | L64: =BAU_Fuel_cons!U26*_xlfn.XLOOKUP($B64,efs!$A$74:$A$84,efs!$F$74:$F$84,0,0) -> 0.15637558 | ... AJ64: =BAU_Fuel_cons!AS26*_xlfn.XLOOKUP($B64,efs!$A$74:$A$84,efs!$F$74:$F$84,0,0) -> 0.99272836
A65: urban | B65: Imp_charcoal | C65: BAU | D65: ktons | E65: =BAU_Fuel_cons!N27*_xlfn.XLOOKUP($B65,efs!$A$74:$A$84,efs!$F$74:$F$84,0,0) -> 0.014660654 | F65: =BAU_Fuel_cons!O27*_xlfn.XLOOKUP($B65,efs!$A$74:$A$84,efs!$F$74:$F$84,0,0) -> 0.018123649 | G65: =BAU_Fuel_cons!P27*_xlfn.XLOOKUP($B65,efs!$A$74:$A$84,efs!$F$74:$F$84,0,0) -> 0.021858578 | H65: =BAU_Fuel_cons!Q27*_xlfn.XLOOKUP($B65,efs!$A$74:$A$84,efs!$F$74:$F$84,0,0) -> 0.025877994 | I65: =BAU_Fuel_cons!R27*_xlfn.XLOOKUP($B65,efs!$A$74:$A$84,efs!$F$74:$F$84,0,0) -> 0.030193991 | J65: =BAU_Fuel_cons!S27*_xlfn.XLOOKUP($B65,efs!$A$74:$A$84,efs!$F$74:$F$84,0,0) -> 0.034818245 | K65: =BAU_Fuel_cons!T27*_xlfn.XLOOKUP($B65,efs!$A$74:$A$84,efs!$F$74:$F$84,0,0) -> 0.039500102 | L65: =BAU_Fuel_cons!U27*_xlfn.XLOOKUP($B65,efs!$A$74:$A$84,efs!$F$74:$F$84,0,0) -> 0.044491188 | ... AJ65: =BAU_Fuel_cons!AS27*_xlfn.XLOOKUP($B65,efs!$A$74:$A$84,efs!$F$74:$F$84,0,0) -> 0.28244603
... A72: urban | B72: other | C72: BAU | D72: ktons | E72: =BAU_Fuel_cons!N34*_xlfn.XLOOKUP($B72,efs!$A$74:$A$84,efs!$F$74:$F$84,0,0) -> 0 | F72: =BAU_Fuel_cons!O34*_xlfn.XLOOKUP($B72,efs!$A$74:$A$84,efs!$F$74:$F$84,0,0) -> 0 | G72: =BAU_Fuel_cons!P34*_xlfn.XLOOKUP($B72,efs!$A$74:$A$84,efs!$F$74:$F$84,0,0) -> 0 | H72: =BAU_Fuel_cons!Q34*_xlfn.XLOOKUP($B72,efs!$A$74:$A$84,efs!$F$74:$F$84,0,0) -> 0 | I72: =BAU_Fuel_cons!R34*_xlfn.XLOOKUP($B72,efs!$A$74:$A$84,efs!$F$74:$F$84,0,0) -> 0 | J72: =BAU_Fuel_cons!S34*_xlfn.XLOOKUP($B72,efs!$A$74:$A$84,efs!$F$74:$F$84,0,0) -> 0 | K72: =BAU_Fuel_cons!T34*_xlfn.XLOOKUP($B72,efs!$A$74:$A$84,efs!$F$74:$F$84,0,0) -> 0 | L72: =BAU_Fuel_cons!U34*_xlfn.XLOOKUP($B72,efs!$A$74:$A$84,efs!$F$74:$F$84,0,0) -> 0 | ... AJ72: =BAU_Fuel_cons!AS34*_xlfn.XLOOKUP($B72,efs!$A$74:$A$84,efs!$F$74:$F$84,0,0) -> 0
D73: overall | E73: =SUM(E40:E50) -> 20.984393 | F73: =SUM(F40:F50) -> 21.63763 | G73: =SUM(G40:G50) -> 22.303548 | H73: =SUM(H40:H50) -> 22.98207 | I73: =SUM(I40:I50) -> 23.673296 | J73: =SUM(J40:J50) -> 24.377446 | K73: =SUM(K40:K50) -> 25.013323 | L73: =SUM(L40:L50) -> 25.656617 | ... AJ73: =SUM(AJ40:AJ50) -> 41.433716
D74: rural | E74: =SUM(E51:E61) -> 14.068874 | F74: =SUM(F51:F61) -> 14.392191 | G74: =SUM(G51:G61) -> 14.715938 | H74: =SUM(H51:H61) -> 15.039876 | I74: =SUM(I51:I61) -> 15.364103 | J74: =SUM(J51:J61) -> 15.688912 | K74: =SUM(K51:K61) -> 15.967279 | L74: =SUM(L51:L61) -> 16.243665 | ... AJ74: =SUM(AJ51:AJ61) -> 20.712132
D75: urban | E75: =SUM(E62:E72) -> 6.9155185 | F75: =SUM(F62:F72) -> 7.2454385 | G75: =SUM(G62:G72) -> 7.5876105 | H75: =SUM(H62:H72) -> 7.9421945 | I75: =SUM(I62:I72) -> 8.3091929 | J75: =SUM(J62:J72) -> 8.6885335 | K75: =SUM(K62:K72) -> 9.0460449 | L75: =SUM(L62:L72) -> 9.412952 | ... AJ75: =SUM(AJ62:AJ72) -> 20.721584
A77: CH4 | AU77: 2020 | AV77: 2025 | AW77: 2030 | AX77: 2035 | AY77: 2040 | AZ77: 2045 | BA77: 2050
A78: overall | B78: fuelwood | C78: BAU | D78: ktons | E78: =SUM(E89,E100) -> 2410.5981 | F78: =SUM(F89,F100) -> 2435.7564 | G78: =SUM(G89,G100) -> 2459.042 | H78: =SUM(H89,H100) -> 2480.3497 | I78: =SUM(I89,I100) -> 2499.6157 | J78: =SUM(J89,J100) -> 2516.8006 | K78: =SUM(K89,K100) -> 2510.4615 | L78: =SUM(L89,L100) -> 2501.0228 | ... AJ78: =SUM(AJ89,AJ100) -> 1090.6328 | AT78: fuelwood | AU78: =_xlfn.XLOOKUP(AU$1,$E$1:$AJ$1,$E80:$AJ80)+_xlfn.XLOOKUP(AU$1,$E$1:$AJ$1,$E78:$AJ78) -> 2446.0925 | AV78: =_xlfn.XLOOKUP(AV$1,$E$1:$AJ$1,$E80:$AJ80)+_xlfn.XLOOKUP(AV$1,$E$1:$AJ$1,$E78:$AJ78) -> 2532.9889 | AW78: =_xlfn.XLOOKUP(AW$1,$E$1:$AJ$1,$E80:$AJ80)+_xlfn.XLOOKUP(AW$1,$E$1:$AJ$1,$E78:$AJ78) -> 2466.7786 | AX78: =_xlfn.XLOOKUP(AX$1,$E$1:$AJ$1,$E80:$AJ80)+_xlfn.XLOOKUP(AX$1,$E$1:$AJ$1,$E78:$AJ78) -> 2306.651 | AY78: =_xlfn.XLOOKUP(AY$1,$E$1:$AJ$1,$E80:$AJ80)+_xlfn.XLOOKUP(AY$1,$E$1:$AJ$1,$E78:$AJ78) -> 2051.3843 | AZ78: =_xlfn.XLOOKUP(AZ$1,$E$1:$AJ$1,$E80:$AJ80)+_xlfn.XLOOKUP(AZ$1,$E$1:$AJ$1,$E78:$AJ78) -> 1699.7127 | BA78: =_xlfn.XLOOKUP(BA$1,$E$1:$AJ$1,$E80:$AJ80)+_xlfn.XLOOKUP(BA$1,$E$1:$AJ$1,$E78:$AJ78) -> 1251.7157
A79: overall | B79: charcoal | C79: BAU | D79: ktons | E79: =SUM(E90,E101) -> 2587.9108 | F79: =SUM(F90,F101) -> 2793.9134 | G79: =SUM(G90,G101) -> 3009.7326 | H79: =SUM(H90,H101) -> 3235.5877 | I79: =SUM(I90,I101) -> 3471.6655 | J79: =SUM(J90,J101) -> 3718.1416 | K79: =SUM(K90,K101) -> 3997.2559 | L79: =SUM(L90,L101) -> 4287.095 | ... AJ79: =SUM(AJ90,AJ101) -> 14274.526 | AT79: charcoal | AU79: =(_xlfn.XLOOKUP(AU$1,$E$1:$AJ$1,$E81:$AJ81)+_xlfn.XLOOKUP(AU$1,$E$1:$AJ$1,$E79:$AJ79)) -> 2801.6505 | AV79: =(_xlfn.XLOOKUP(AV$1,$E$1:$AJ$1,$E81:$AJ81)+_xlfn.XLOOKUP(AV$1,$E$1:$AJ$1,$E79:$AJ79)) -> 4014.1188 | AW79: =(_xlfn.XLOOKUP(AW$1,$E$1:$AJ$1,$E81:$AJ81)+_xlfn.XLOOKUP(AW$1,$E$1:$AJ$1,$E79:$AJ79)) -> 5581.3298 | AX79: =(_xlfn.XLOOKUP(AX$1,$E$1:$AJ$1,$E81:$AJ81)+_xlfn.XLOOKUP(AX$1,$E$1:$AJ$1,$E79:$AJ79)) -> 7404.065 | AY79: =(_xlfn.XLOOKUP(AY$1,$E$1:$AJ$1,$E81:$AJ81)+_xlfn.XLOOKUP(AY$1,$E$1:$AJ$1,$E79:$AJ79)) -> 9486.1159 | AZ79: =(_xlfn.XLOOKUP(AZ$1,$E$1:$AJ$1,$E81:$AJ81)+_xlfn.XLOOKUP(AZ$1,$E$1:$AJ$1,$E79:$AJ79)) -> 11823.788 | BA79: =(_xlfn.XLOOKUP(BA$1,$E$1:$AJ$1,$E81:$AJ81)+_xlfn.XLOOKUP(BA$1,$E$1:$AJ$1,$E79:$AJ79)) -> 14395.104
A80: overall | B80: Imp_fuelwood | C80: BAU | D80: ktons | E80: =SUM(E91,E102) -> 8.3611709 | F80: =SUM(F91,F102) -> 10.336164 | G80: =SUM(G91,G102) -> 12.466246 | H80: =SUM(H91,H102) -> 14.758573 | I80: =SUM(I91,I102) -> 17.220045 | J80: =SUM(J91,J102) -> 19.85732 | K80: =SUM(K91,K102) -> 22.527447 | L80: =SUM(L91,L102) -> 25.373932 | ... AJ80: =SUM(AJ91,AJ102) -> 161.08283 | AT80: Gas | AU80: =_xlfn.XLOOKUP(AU$1,$E$1:$AJ$1,$E82:$AJ82) -> 0.288396 | AV80: =_xlfn.XLOOKUP(AV$1,$E$1:$AJ$1,$E82:$AJ82) -> 0.48656249 | AW80: =_xlfn.XLOOKUP(AW$1,$E$1:$AJ$1,$E82:$AJ82) -> 0.47365433 | AX80: =_xlfn.XLOOKUP(AX$1,$E$1:$AJ$1,$E82:$AJ82) -> 0.42547301 | AY80: =_xlfn.XLOOKUP(AY$1,$E$1:$AJ$1,$E82:$AJ82) -> 0.33546795 | AZ80: =_xlfn.XLOOKUP(AZ$1,$E$1:$AJ$1,$E82:$AJ82) -> 0.19627328 | BA80: =_xlfn.XLOOKUP(BA$1,$E$1:$AJ$1,$E82:$AJ82) -> 0
A81: overall | B81: Imp_charcoal | C81: BAU | D81: ktons | E81: =SUM(E92,E103) -> 6.2587253 | F81: =SUM(F92,F103) -> 7.7370999 | G81: =SUM(G92,G103) -> 9.3315646 | H81: =SUM(H92,H103) -> 11.047478 | I81: =SUM(I92,I103) -> 12.890005 | J81: =SUM(J92,J103) -> 14.864128 | K81: =SUM(K92,K103) -> 16.862842 | L81: =SUM(L92,L103) -> 18.993568 | ... AJ81: =SUM(AJ92,AJ103) -> 120.57799 | AT81: kerosene | AU81: =_xlfn.XLOOKUP(AU$1,$E$1:$AJ$1,$E83:$AJ83) -> 0.019288976 | AV81: =_xlfn.XLOOKUP(AV$1,$E$1:$AJ$1,$E83:$AJ83) -> 0 | AW81: =_xlfn.XLOOKUP(AW$1,$E$1:$AJ$1,$E83:$AJ83) -> 0 | AX81: =_xlfn.XLOOKUP(AX$1,$E$1:$AJ$1,$E83:$AJ83) -> 0 | AY81: =_xlfn.XLOOKUP(AY$1,$E$1:$AJ$1,$E83:$AJ83) -> 0 | AZ81: =_xlfn.XLOOKUP(AZ$1,$E$1:$AJ$1,$E83:$AJ83) -> 0 | BA81: =_xlfn.XLOOKUP(BA$1,$E$1:$AJ$1,$E83:$AJ83) -> 0
A82: overall | B82: Gas | C82: BAU | D82: ktons | E82: =SUM(E93,E104) -> 0.24712951 | F82: =SUM(F93,F104) -> 0.288396 | G82: =SUM(G93,G104) -> 0.33275108 | H82: =SUM(H93,H104) -> 0.38033388 | I82: =SUM(I93,I104) -> 0.43127723 | J82: =SUM(J93,J104) -> 0.48570873 | K82: =SUM(K93,K104) -> 0.48656249 | L82: =SUM(L93,L104) -> 0.48637077 | ... AJ82: =SUM(AJ93,AJ104) -> 0 | AT82: electric | AU82: =_xlfn.XLOOKUP(AU$1,$E$1:$AJ$1,$E84:$AJ84) -> 0 | AV82: =_xlfn.XLOOKUP(AV$1,$E$1:$AJ$1,$E84:$AJ84) -> 0 | AW82: =_xlfn.XLOOKUP(AW$1,$E$1:$AJ$1,$E84:$AJ84) -> 0 | AX82: =_xlfn.XLOOKUP(AX$1,$E$1:$AJ$1,$E84:$AJ84) -> 0 | AY82: =_xlfn.XLOOKUP(AY$1,$E$1:$AJ$1,$E84:$AJ84) -> 0 | AZ82: =_xlfn.XLOOKUP(AZ$1,$E$1:$AJ$1,$E84:$AJ84) -> 0 | BA82: =_xlfn.XLOOKUP(BA$1,$E$1:$AJ$1,$E84:$AJ84) -> 0
A83: overall | B83: kerosene | C83: BAU | D83: ktons | E83: =SUM(E94,E105) -> 0.023493048 | F83: =SUM(F94,F105) -> 0.019288976 | G83: =SUM(G94,G105) -> 0.014652611 | H83: =SUM(H94,H105) -> 0.009560964 | I83: =SUM(I94,I105) -> 0.0039907458 | J83: =SUM(J94,J105) -> 0 | K83: =SUM(K94,K105) -> 0 | L83: =SUM(L94,L105) -> 0 | ... AJ83: =SUM(AJ94,AJ105) -> 0 | AT83: pellets | AU83: =_xlfn.XLOOKUP(AU$1,$E$1:$AJ$1,$E85:$AJ85) -> 0 | AV83: =_xlfn.XLOOKUP(AV$1,$E$1:$AJ$1,$E85:$AJ85) -> 0 | AW83: =_xlfn.XLOOKUP(AW$1,$E$1:$AJ$1,$E85:$AJ85) -> 0 | AX83: =_xlfn.XLOOKUP(AX$1,$E$1:$AJ$1,$E85:$AJ85) -> 0 | AY83: =_xlfn.XLOOKUP(AY$1,$E$1:$AJ$1,$E85:$AJ85) -> 0 | AZ83: =_xlfn.XLOOKUP(AZ$1,$E$1:$AJ$1,$E85:$AJ85) -> 0 | BA83: =_xlfn.XLOOKUP(BA$1,$E$1:$AJ$1,$E85:$AJ85) -> 0
A84: overall | B84: electric | C84: BAU | D84: ktons | E84: =SUM(E95,E106) -> 0 | F84: =SUM(F95,F106) -> 0 | G84: =SUM(G95,G106) -> 0 | H84: =SUM(H95,H106) -> 0 | I84: =SUM(I95,I106) -> 0 | J84: =SUM(J95,J106) -> 0 | K84: =SUM(K95,K106) -> 0 | L84: =SUM(L95,L106) -> 0 | ... AJ84: =SUM(AJ95,AJ106) -> 0 | AT84: ethanol | AU84: =_xlfn.XLOOKUP(AU$1,$E$1:$AJ$1,$E86:$AJ86) -> 0 | AV84: =_xlfn.XLOOKUP(AV$1,$E$1:$AJ$1,$E86:$AJ86) -> 0 | AW84: =_xlfn.XLOOKUP(AW$1,$E$1:$AJ$1,$E86:$AJ86) -> 0 | AX84: =_xlfn.XLOOKUP(AX$1,$E$1:$AJ$1,$E86:$AJ86) -> 0 | AY84: =_xlfn.XLOOKUP(AY$1,$E$1:$AJ$1,$E86:$AJ86) -> 0 | AZ84: =_xlfn.XLOOKUP(AZ$1,$E$1:$AJ$1,$E86:$AJ86) -> 0 | BA84: =_xlfn.XLOOKUP(BA$1,$E$1:$AJ$1,$E86:$AJ86) -> 0
A85: overall | B85: pellets | C85: BAU | D85: ktons | E85: =SUM(E96,E107) -> 0 | F85: =SUM(F96,F107) -> 0 | G85: =SUM(G96,G107) -> 0 | H85: =SUM(H96,H107) -> 0 | I85: =SUM(I96,I107) -> 0 | J85: =SUM(J96,J107) -> 0 | K85: =SUM(K96,K107) -> 0 | L85: =SUM(L96,L107) -> 0 | ... AJ85: =SUM(AJ96,AJ107) -> 0 | AT85: biogas | AU85: =_xlfn.XLOOKUP(AU$1,$E$1:$AJ$1,$E87:$AJ87) -> 0 | AV85: =_xlfn.XLOOKUP(AV$1,$E$1:$AJ$1,$E87:$AJ87) -> 0 | AW85: =_xlfn.XLOOKUP(AW$1,$E$1:$AJ$1,$E87:$AJ87) -> 0 | AX85: =_xlfn.XLOOKUP(AX$1,$E$1:$AJ$1,$E87:$AJ87) -> 0 | AY85: =_xlfn.XLOOKUP(AY$1,$E$1:$AJ$1,$E87:$AJ87) -> 0 | AZ85: =_xlfn.XLOOKUP(AZ$1,$E$1:$AJ$1,$E87:$AJ87) -> 0 | BA85: =_xlfn.XLOOKUP(BA$1,$E$1:$AJ$1,$E87:$AJ87) -> 0
A86: overall | B86: ethanol | C86: BAU | D86: ktons | E86: =SUM(E97,E108) -> 0 | F86: =SUM(F97,F108) -> 0 | G86: =SUM(G97,G108) -> 0 | H86: =SUM(H97,H108) -> 0 | I86: =SUM(I97,I108) -> 0 | J86: =SUM(J97,J108) -> 0 | K86: =SUM(K97,K108) -> 0 | L86: =SUM(L97,L108) -> 0 | ... AJ86: =SUM(AJ97,AJ108) -> 0
A87: overall | B87: biogas | C87: BAU | D87: ktons | E87: =SUM(E98,E109) -> 0 | F87: =SUM(F98,F109) -> 0 | G87: =SUM(G98,G109) -> 0 | H87: =SUM(H98,H109) -> 0 | I87: =SUM(I98,I109) -> 0 | J87: =SUM(J98,J109) -> 0 | K87: =SUM(K98,K109) -> 0 | L87: =SUM(L98,L109) -> 0 | ... AJ87: =SUM(AJ98,AJ109) -> 0
A88: overall | B88: other | C88: BAU | D88: ktons | E88: =SUM(E99,E110) -> 0 | F88: =SUM(F99,F110) -> 0 | G88: =SUM(G99,G110) -> 0 | H88: =SUM(H99,H110) -> 0 | I88: =SUM(I99,I110) -> 0 | J88: =SUM(J99,J110) -> 0 | K88: =SUM(K99,K110) -> 0 | L88: =SUM(L99,L110) -> 0 | ... AJ88: =SUM(AJ99,AJ110) -> 0 | AS88: Total CH4 | AT88: BAU | AU88: =SUM(AU78:AU85) -> 5248.0507 | AV88: =SUM(AV78:AV85) -> 6547.5942 | AW88: =SUM(AW78:AW85) -> 8048.582 | AX88: =SUM(AX78:AX85) -> 9711.1415 | AY88: =SUM(AY78:AY85) -> 11537.836 | AZ88: =SUM(AZ78:AZ85) -> 13523.697 | BA88: =SUM(BA78:BA85) -> 15646.82
A89: rural | B89: fuelwood | C89: BAU | D89: ktons | E89: =BAU_Fuel_cons!N13*_xlfn.XLOOKUP($B89,efs!$A$74:$A$84,efs!$C$74:$C$84,0,0) -> 2070.3128 | F89: =BAU_Fuel_cons!O13*_xlfn.XLOOKUP($B89,efs!$A$74:$A$84,efs!$C$74:$C$84,0,0) -> 2094.741 | G89: =BAU_Fuel_cons!P13*_xlfn.XLOOKUP($B89,efs!$A$74:$A$84,efs!$C$74:$C$84,0,0) -> 2118.0735 | H89: =BAU_Fuel_cons!Q13*_xlfn.XLOOKUP($B89,efs!$A$74:$A$84,efs!$C$74:$C$84,0,0) -> 2140.2656 | I89: =BAU_Fuel_cons!R13*_xlfn.XLOOKUP($B89,efs!$A$74:$A$84,efs!$C$74:$C$84,0,0) -> 2161.3215 | J89: =BAU_Fuel_cons!S13*_xlfn.XLOOKUP($B89,efs!$A$74:$A$84,efs!$C$74:$C$84,0,0) -> 2181.2715 | K89: =BAU_Fuel_cons!T13*_xlfn.XLOOKUP($B89,efs!$A$74:$A$84,efs!$C$74:$C$84,0,0) -> 2174.165 | L89: =BAU_Fuel_cons!U13*_xlfn.XLOOKUP($B89,efs!$A$74:$A$84,efs!$C$74:$C$84,0,0) -> 2164.6861 | ... AJ89: =BAU_Fuel_cons!AS13*_xlfn.XLOOKUP($B89,efs!$A$74:$A$84,efs!$C$74:$C$84,0,0) -> 1090.6328 | AT89: NICCS | AU89: =SUM(NICCS_emissions!AU78:AU85) -> 5248.0507 | AV89: =SUM(NICCS_emissions!AV78:AV85) -> 6547.5942 | AW89: =SUM(NICCS_emissions!AW78:AW85) -> 5858.0259 | AX89: =SUM(NICCS_emissions!AX78:AX85) -> 4641.8518 | AY89: =SUM(NICCS_emissions!AY78:AY85) -> 2834.8935 | AZ89: =SUM(NICCS_emissions!AZ78:AZ85) -> 3103.4152 | BA89: =SUM(NICCS_emissions!BA78:BA85) -> 3362.1732
A90: rural | B90: charcoal | C90: BAU | D90: ktons | E90: =BAU_Fuel_cons!N14*_xlfn.XLOOKUP($B90,efs!$A$74:$A$84,efs!$C$74:$C$84,0,0) -> 559.18593 | F90: =BAU_Fuel_cons!O14*_xlfn.XLOOKUP($B90,efs!$A$74:$A$84,efs!$C$74:$C$84,0,0) -> 632.94237 | G90: =BAU_Fuel_cons!P14*_xlfn.XLOOKUP($B90,efs!$A$74:$A$84,efs!$C$74:$C$84,0,0) -> 709.76509 | H90: =BAU_Fuel_cons!Q14*_xlfn.XLOOKUP($B90,efs!$A$74:$A$84,efs!$C$74:$C$84,0,0) -> 789.66975 | I90: =BAU_Fuel_cons!R14*_xlfn.XLOOKUP($B90,efs!$A$74:$A$84,efs!$C$74:$C$84,0,0) -> 872.6874 | J90: =BAU_Fuel_cons!S14*_xlfn.XLOOKUP($B90,efs!$A$74:$A$84,efs!$C$74:$C$84,0,0) -> 958.86289 | K90: =BAU_Fuel_cons!T14*_xlfn.XLOOKUP($B90,efs!$A$74:$A$84,efs!$C$74:$C$84,0,0) -> 1096.396 | L90: =BAU_Fuel_cons!U14*_xlfn.XLOOKUP($B90,efs!$A$74:$A$84,efs!$C$74:$C$84,0,0) -> 1239.3259 | ... AJ90: =BAU_Fuel_cons!AS14*_xlfn.XLOOKUP($B90,efs!$A$74:$A$84,efs!$C$74:$C$84,0,0) -> 5972.7317
A91: rural | B91: Imp_fuelwood | C91: BAU | D91: ktons | E91: =BAU_Fuel_cons!N15*_xlfn.XLOOKUP($B91,efs!$A$74:$A$84,efs!$C$74:$C$84,0,0) -> 0 | F91: =BAU_Fuel_cons!O15*_xlfn.XLOOKUP($B91,efs!$A$74:$A$84,efs!$C$74:$C$84,0,0) -> 0 | G91: =BAU_Fuel_cons!P15*_xlfn.XLOOKUP($B91,efs!$A$74:$A$84,efs!$C$74:$C$84,0,0) -> 0 | H91: =BAU_Fuel_cons!Q15*_xlfn.XLOOKUP($B91,efs!$A$74:$A$84,efs!$C$74:$C$84,0,0) -> 0 | I91: =BAU_Fuel_cons!R15*_xlfn.XLOOKUP($B91,efs!$A$74:$A$84,efs!$C$74:$C$84,0,0) -> 0 | J91: =BAU_Fuel_cons!S15*_xlfn.XLOOKUP($B91,efs!$A$74:$A$84,efs!$C$74:$C$84,0,0) -> 0 | K91: =BAU_Fuel_cons!T15*_xlfn.XLOOKUP($B91,efs!$A$74:$A$84,efs!$C$74:$C$84,0,0) -> 0 | L91: =BAU_Fuel_cons!U15*_xlfn.XLOOKUP($B91,efs!$A$74:$A$84,efs!$C$74:$C$84,0,0) -> 0 | ... AJ91: =BAU_Fuel_cons!AS15*_xlfn.XLOOKUP($B91,efs!$A$74:$A$84,efs!$C$74:$C$84,0,0) -> 0 | AU91: =(AU89-AU88)/AU88 -> 0 | AV91: =(AV89-AV88)/AV88 -> 1.3890517e-16 | AW91: =(AW89-AW88)/AW88 -> -0.27216671 | AX91: =(AX89-AX88)/AX88 -> -0.5220076 | AY91: =(AY89-AY88)/AY88 -> -0.7542959 | AZ91: =(AZ89-AZ88)/AZ88 -> -0.7705202 | BA91: =(BA89-BA88)/BA88 -> -0.78512099
A92: rural | B92: Imp_charcoal | C92: BAU | D92: ktons | E92: =BAU_Fuel_cons!N16*_xlfn.XLOOKUP($B92,efs!$A$74:$A$84,efs!$C$74:$C$84,0,0) -> 0 | F92: =BAU_Fuel_cons!O16*_xlfn.XLOOKUP($B92,efs!$A$74:$A$84,efs!$C$74:$C$84,0,0) -> 0 | G92: =BAU_Fuel_cons!P16*_xlfn.XLOOKUP($B92,efs!$A$74:$A$84,efs!$C$74:$C$84,0,0) -> 0 | H92: =BAU_Fuel_cons!Q16*_xlfn.XLOOKUP($B92,efs!$A$74:$A$84,efs!$C$74:$C$84,0,0) -> 0 | I92: =BAU_Fuel_cons!R16*_xlfn.XLOOKUP($B92,efs!$A$74:$A$84,efs!$C$74:$C$84,0,0) -> 0 | J92: =BAU_Fuel_cons!S16*_xlfn.XLOOKUP($B92,efs!$A$74:$A$84,efs!$C$74:$C$84,0,0) -> 0 | K92: =BAU_Fuel_cons!T16*_xlfn.XLOOKUP($B92,efs!$A$74:$A$84,efs!$C$74:$C$84,0,0) -> 0 | L92: =BAU_Fuel_cons!U16*_xlfn.XLOOKUP($B92,efs!$A$74:$A$84,efs!$C$74:$C$84,0,0) -> 0 | ... AJ92: =BAU_Fuel_cons!AS16*_xlfn.XLOOKUP($B92,efs!$A$74:$A$84,efs!$C$74:$C$84,0,0) -> 0
A93: rural | B93: Gas | C93: BAU | D93: ktons | E93: =BAU_Fuel_cons!N17*_xlfn.XLOOKUP($B93,efs!$A$74:$A$84,efs!$C$74:$C$84,0,0) -> 0.015142891 | F93: =BAU_Fuel_cons!O17*_xlfn.XLOOKUP($B93,efs!$A$74:$A$84,efs!$C$74:$C$84,0,0) -> 0.014967991 | G93: =BAU_Fuel_cons!P17*_xlfn.XLOOKUP($B93,efs!$A$74:$A$84,efs!$C$74:$C$84,0,0) -> 0.014767375 | H93: =BAU_Fuel_cons!Q17*_xlfn.XLOOKUP($B93,efs!$A$74:$A$84,efs!$C$74:$C$84,0,0) -> 0.014540571 | I93: =BAU_Fuel_cons!R17*_xlfn.XLOOKUP($B93,efs!$A$74:$A$84,efs!$C$74:$C$84,0,0) -> 0.014287451 | J93: =BAU_Fuel_cons!S17*_xlfn.XLOOKUP($B93,efs!$A$74:$A$84,efs!$C$74:$C$84,0,0) -> 0.014008044 | K93: =BAU_Fuel_cons!T17*_xlfn.XLOOKUP($B93,efs!$A$74:$A$84,efs!$C$74:$C$84,0,0) -> 0.013783068 | L93: =BAU_Fuel_cons!U17*_xlfn.XLOOKUP($B93,efs!$A$74:$A$84,efs!$C$74:$C$84,0,0) -> 0.013534645 | ... AJ93: =BAU_Fuel_cons!AS17*_xlfn.XLOOKUP($B93,efs!$A$74:$A$84,efs!$C$74:$C$84,0,0) -> 0
A94: rural | B94: kerosene | C94: BAU | D94: ktons | E94: =BAU_Fuel_cons!N18*_xlfn.XLOOKUP($B94,efs!$A$74:$A$84,efs!$C$74:$C$84,0,0) -> 0 | F94: =BAU_Fuel_cons!O18*_xlfn.XLOOKUP($B94,efs!$A$74:$A$84,efs!$C$74:$C$84,0,0) -> 0 | G94: =BAU_Fuel_cons!P18*_xlfn.XLOOKUP($B94,efs!$A$74:$A$84,efs!$C$74:$C$84,0,0) -> 0 | H94: =BAU_Fuel_cons!Q18*_xlfn.XLOOKUP($B94,efs!$A$74:$A$84,efs!$C$74:$C$84,0,0) -> 0 | I94: =BAU_Fuel_cons!R18*_xlfn.XLOOKUP($B94,efs!$A$74:$A$84,efs!$C$74:$C$84,0,0) -> 0 | J94: =BAU_Fuel_cons!S18*_xlfn.XLOOKUP($B94,efs!$A$74:$A$84,efs!$C$74:$C$84,0,0) -> 0 | K94: =BAU_Fuel_cons!T18*_xlfn.XLOOKUP($B94,efs!$A$74:$A$84,efs!$C$74:$C$84,0,0) -> 0 | L94: =BAU_Fuel_cons!U18*_xlfn.XLOOKUP($B94,efs!$A$74:$A$84,efs!$C$74:$C$84,0,0) -> 0 | ... AJ94: =BAU_Fuel_cons!AS18*_xlfn.XLOOKUP($B94,efs!$A$74:$A$84,efs!$C$74:$C$84,0,0) -> 0
A95: rural | B95: electric | C95: BAU | D95: ktons | E95: =BAU_Fuel_cons!N19*_xlfn.XLOOKUP($B95,efs!$A$74:$A$84,efs!$C$74:$C$84,0,0) -> 0 | F95: =BAU_Fuel_cons!O19*_xlfn.XLOOKUP($B95,efs!$A$74:$A$84,efs!$C$74:$C$84,0,0) -> 0 | G95: =BAU_Fuel_cons!P19*_xlfn.XLOOKUP($B95,efs!$A$74:$A$84,efs!$C$74:$C$84,0,0) -> 0 | H95: =BAU_Fuel_cons!Q19*_xlfn.XLOOKUP($B95,efs!$A$74:$A$84,efs!$C$74:$C$84,0,0) -> 0 | I95: =BAU_Fuel_cons!R19*_xlfn.XLOOKUP($B95,efs!$A$74:$A$84,efs!$C$74:$C$84,0,0) -> 0 | J95: =BAU_Fuel_cons!S19*_xlfn.XLOOKUP($B95,efs!$A$74:$A$84,efs!$C$74:$C$84,0,0) -> 0 | K95: =BAU_Fuel_cons!T19*_xlfn.XLOOKUP($B95,efs!$A$74:$A$84,efs!$C$74:$C$84,0,0) -> 0 | L95: =BAU_Fuel_cons!U19*_xlfn.XLOOKUP($B95,efs!$A$74:$A$84,efs!$C$74:$C$84,0,0) -> 0 | ... AJ95: =BAU_Fuel_cons!AS19*_xlfn.XLOOKUP($B95,efs!$A$74:$A$84,efs!$C$74:$C$84,0,0) -> 0
A96: rural | B96: pellets | C96: BAU | D96: ktons | E96: =BAU_Fuel_cons!N20*_xlfn.XLOOKUP($B96,efs!$A$74:$A$84,efs!$C$74:$C$84,0,0) -> 0 | F96: =BAU_Fuel_cons!O20*_xlfn.XLOOKUP($B96,efs!$A$74:$A$84,efs!$C$74:$C$84,0,0) -> 0 | G96: =BAU_Fuel_cons!P20*_xlfn.XLOOKUP($B96,efs!$A$74:$A$84,efs!$C$74:$C$84,0,0) -> 0 | H96: =BAU_Fuel_cons!Q20*_xlfn.XLOOKUP($B96,efs!$A$74:$A$84,efs!$C$74:$C$84,0,0) -> 0 | I96: =BAU_Fuel_cons!R20*_xlfn.XLOOKUP($B96,efs!$A$74:$A$84,efs!$C$74:$C$84,0,0) -> 0 | J96: =BAU_Fuel_cons!S20*_xlfn.XLOOKUP($B96,efs!$A$74:$A$84,efs!$C$74:$C$84,0,0) -> 0 | K96: =BAU_Fuel_cons!T20*_xlfn.XLOOKUP($B96,efs!$A$74:$A$84,efs!$C$74:$C$84,0,0) -> 0 | L96: =BAU_Fuel_cons!U20*_xlfn.XLOOKUP($B96,efs!$A$74:$A$84,efs!$C$74:$C$84,0,0) -> 0 | ... AJ96: =BAU_Fuel_cons!AS20*_xlfn.XLOOKUP($B96,efs!$A$74:$A$84,efs!$C$74:$C$84,0,0) -> 0
A97: rural | B97: ethanol | C97: BAU | D97: ktons | E97: =BAU_Fuel_cons!N21*_xlfn.XLOOKUP($B97,efs!$A$74:$A$84,efs!$C$74:$C$84,0,0) -> 0 | F97: =BAU_Fuel_cons!O21*_xlfn.XLOOKUP($B97,efs!$A$74:$A$84,efs!$C$74:$C$84,0,0) -> 0 | G97: =BAU_Fuel_cons!P21*_xlfn.XLOOKUP($B97,efs!$A$74:$A$84,efs!$C$74:$C$84,0,0) -> 0 | H97: =BAU_Fuel_cons!Q21*_xlfn.XLOOKUP($B97,efs!$A$74:$A$84,efs!$C$74:$C$84,0,0) -> 0 | I97: =BAU_Fuel_cons!R21*_xlfn.XLOOKUP($B97,efs!$A$74:$A$84,efs!$C$74:$C$84,0,0) -> 0 | J97: =BAU_Fuel_cons!S21*_xlfn.XLOOKUP($B97,efs!$A$74:$A$84,efs!$C$74:$C$84,0,0) -> 0 | K97: =BAU_Fuel_cons!T21*_xlfn.XLOOKUP($B97,efs!$A$74:$A$84,efs!$C$74:$C$84,0,0) -> 0 | L97: =BAU_Fuel_cons!U21*_xlfn.XLOOKUP($B97,efs!$A$74:$A$84,efs!$C$74:$C$84,0,0) -> 0 | ... AJ97: =BAU_Fuel_cons!AS21*_xlfn.XLOOKUP($B97,efs!$A$74:$A$84,efs!$C$74:$C$84,0,0) -> 0
A98: rural | B98: biogas | C98: BAU | D98: ktons | E98: =BAU_Fuel_cons!N22*_xlfn.XLOOKUP($B98,efs!$A$74:$A$84,efs!$C$74:$C$84,0,0) -> 0 | F98: =BAU_Fuel_cons!O22*_xlfn.XLOOKUP($B98,efs!$A$74:$A$84,efs!$C$74:$C$84,0,0) -> 0 | G98: =BAU_Fuel_cons!P22*_xlfn.XLOOKUP($B98,efs!$A$74:$A$84,efs!$C$74:$C$84,0,0) -> 0 | H98: =BAU_Fuel_cons!Q22*_xlfn.XLOOKUP($B98,efs!$A$74:$A$84,efs!$C$74:$C$84,0,0) -> 0 | I98: =BAU_Fuel_cons!R22*_xlfn.XLOOKUP($B98,efs!$A$74:$A$84,efs!$C$74:$C$84,0,0) -> 0 | J98: =BAU_Fuel_cons!S22*_xlfn.XLOOKUP($B98,efs!$A$74:$A$84,efs!$C$74:$C$84,0,0) -> 0 | K98: =BAU_Fuel_cons!T22*_xlfn.XLOOKUP($B98,efs!$A$74:$A$84,efs!$C$74:$C$84,0,0) -> 0 | L98: =BAU_Fuel_cons!U22*_xlfn.XLOOKUP($B98,efs!$A$74:$A$84,efs!$C$74:$C$84,0,0) -> 0 | ... AJ98: =BAU_Fuel_cons!AS22*_xlfn.XLOOKUP($B98,efs!$A$74:$A$84,efs!$C$74:$C$84,0,0) -> 0
A99: rural | B99: other | C99: BAU | D99: ktons | E99: =BAU_Fuel_cons!N23*_xlfn.XLOOKUP($B99,efs!$A$74:$A$84,efs!$C$74:$C$84,0,0) -> 0 | F99: =BAU_Fuel_cons!O23*_xlfn.XLOOKUP($B99,efs!$A$74:$A$84,efs!$C$74:$C$84,0,0) -> 0 | G99: =BAU_Fuel_cons!P23*_xlfn.XLOOKUP($B99,efs!$A$74:$A$84,efs!$C$74:$C$84,0,0) -> 0 | H99: =BAU_Fuel_cons!Q23*_xlfn.XLOOKUP($B99,efs!$A$74:$A$84,efs!$C$74:$C$84,0,0) -> 0 | I99: =BAU_Fuel_cons!R23*_xlfn.XLOOKUP($B99,efs!$A$74:$A$84,efs!$C$74:$C$84,0,0) -> 0 | J99: =BAU_Fuel_cons!S23*_xlfn.XLOOKUP($B99,efs!$A$74:$A$84,efs!$C$74:$C$84,0,0) -> 0 | K99: =BAU_Fuel_cons!T23*_xlfn.XLOOKUP($B99,efs!$A$74:$A$84,efs!$C$74:$C$84,0,0) -> 0 | L99: =BAU_Fuel_cons!U23*_xlfn.XLOOKUP($B99,efs!$A$74:$A$84,efs!$C$74:$C$84,0,0) -> 0 | ... AJ99: =BAU_Fuel_cons!AS23*_xlfn.XLOOKUP($B99,efs!$A$74:$A$84,efs!$C$74:$C$84,0,0) -> 0
A100: urban | B100: fuelwood | C100: BAU | D100: ktons | E100: =BAU_Fuel_cons!N24*_xlfn.XLOOKUP($B100,efs!$A$74:$A$84,efs!$C$74:$C$84,0,0) -> 340.28524 | F100: =BAU_Fuel_cons!O24*_xlfn.XLOOKUP($B100,efs!$A$74:$A$84,efs!$C$74:$C$84,0,0) -> 341.01537 | G100: =BAU_Fuel_cons!P24*_xlfn.XLOOKUP($B100,efs!$A$74:$A$84,efs!$C$74:$C$84,0,0) -> 340.96852 | H100: =BAU_Fuel_cons!Q24*_xlfn.XLOOKUP($B100,efs!$A$74:$A$84,efs!$C$74:$C$84,0,0) -> 340.08403 | I100: =BAU_Fuel_cons!R24*_xlfn.XLOOKUP($B100,efs!$A$74:$A$84,efs!$C$74:$C$84,0,0) -> 338.2942 | J100: =BAU_Fuel_cons!S24*_xlfn.XLOOKUP($B100,efs!$A$74:$A$84,efs!$C$74:$C$84,0,0) -> 335.52911 | K100: =BAU_Fuel_cons!T24*_xlfn.XLOOKUP($B100,efs!$A$74:$A$84,efs!$C$74:$C$84,0,0) -> 336.29643 | L100: =BAU_Fuel_cons!U24*_xlfn.XLOOKUP($B100,efs!$A$74:$A$84,efs!$C$74:$C$84,0,0) -> 336.33677 | ... AJ100: =BAU_Fuel_cons!AS24*_xlfn.XLOOKUP($B100,efs!$A$74:$A$84,efs!$C$74:$C$84,0,0) -> 0
A101: urban | B101: charcoal | C101: BAU | D101: ktons | E101: =BAU_Fuel_cons!N25*_xlfn.XLOOKUP($B101,efs!$A$74:$A$84,efs!$C$74:$C$84,0,0) -> 2028.7249 | F101: =BAU_Fuel_cons!O25*_xlfn.XLOOKUP($B101,efs!$A$74:$A$84,efs!$C$74:$C$84,0,0) -> 2160.971 | G101: =BAU_Fuel_cons!P25*_xlfn.XLOOKUP($B101,efs!$A$74:$A$84,efs!$C$74:$C$84,0,0) -> 2299.9675 | H101: =BAU_Fuel_cons!Q25*_xlfn.XLOOKUP($B101,efs!$A$74:$A$84,efs!$C$74:$C$84,0,0) -> 2445.9179 | I101: =BAU_Fuel_cons!R25*_xlfn.XLOOKUP($B101,efs!$A$74:$A$84,efs!$C$74:$C$84,0,0) -> 2598.9781 | J101: =BAU_Fuel_cons!S25*_xlfn.XLOOKUP($B101,efs!$A$74:$A$84,efs!$C$74:$C$84,0,0) -> 2759.2787 | K101: =BAU_Fuel_cons!T25*_xlfn.XLOOKUP($B101,efs!$A$74:$A$84,efs!$C$74:$C$84,0,0) -> 2900.86 | L101: =BAU_Fuel_cons!U25*_xlfn.XLOOKUP($B101,efs!$A$74:$A$84,efs!$C$74:$C$84,0,0) -> 3047.7691 | ... AJ101: =BAU_Fuel_cons!AS25*_xlfn.XLOOKUP($B101,efs!$A$74:$A$84,efs!$C$74:$C$84,0,0) -> 8301.7946
A102: urban | B102: Imp_fuelwood | C102: BAU | D102: ktons | E102: =BAU_Fuel_cons!N26*_xlfn.XLOOKUP($B102,efs!$A$74:$A$84,efs!$C$74:$C$84,0,0) -> 8.3611709 | F102: =BAU_Fuel_cons!O26*_xlfn.XLOOKUP($B102,efs!$A$74:$A$84,efs!$C$74:$C$84,0,0) -> 10.336164 | G102: =BAU_Fuel_cons!P26*_xlfn.XLOOKUP($B102,efs!$A$74:$A$84,efs!$C$74:$C$84,0,0) -> 12.466246 | H102: =BAU_Fuel_cons!Q26*_xlfn.XLOOKUP($B102,efs!$A$74:$A$84,efs!$C$74:$C$84,0,0) -> 14.758573 | I102: =BAU_Fuel_cons!R26*_xlfn.XLOOKUP($B102,efs!$A$74:$A$84,efs!$C$74:$C$84,0,0) -> 17.220045 | J102: =BAU_Fuel_cons!S26*_xlfn.XLOOKUP($B102,efs!$A$74:$A$84,efs!$C$74:$C$84,0,0) -> 19.85732 | K102: =BAU_Fuel_cons!T26*_xlfn.XLOOKUP($B102,efs!$A$74:$A$84,efs!$C$74:$C$84,0,0) -> 22.527447 | L102: =BAU_Fuel_cons!U26*_xlfn.XLOOKUP($B102,efs!$A$74:$A$84,efs!$C$74:$C$84,0,0) -> 25.373932 | ... AJ102: =BAU_Fuel_cons!AS26*_xlfn.XLOOKUP($B102,efs!$A$74:$A$84,efs!$C$74:$C$84,0,0) -> 161.08283
A103: urban | B103: Imp_charcoal | C103: BAU | D103: ktons | E103: =BAU_Fuel_cons!N27*_xlfn.XLOOKUP($B103,efs!$A$74:$A$84,efs!$C$74:$C$84,0,0) -> 6.2587253 | F103: =BAU_Fuel_cons!O27*_xlfn.XLOOKUP($B103,efs!$A$74:$A$84,efs!$C$74:$C$84,0,0) -> 7.7370999 | G103: =BAU_Fuel_cons!P27*_xlfn.XLOOKUP($B103,efs!$A$74:$A$84,efs!$C$74:$C$84,0,0) -> 9.3315646 | H103: =BAU_Fuel_cons!Q27*_xlfn.XLOOKUP($B103,efs!$A$74:$A$84,efs!$C$74:$C$84,0,0) -> 11.047478 | I103: =BAU_Fuel_cons!R27*_xlfn.XLOOKUP($B103,efs!$A$74:$A$84,efs!$C$74:$C$84,0,0) -> 12.890005 | J103: =BAU_Fuel_cons!S27*_xlfn.XLOOKUP($B103,efs!$A$74:$A$84,efs!$C$74:$C$84,0,0) -> 14.864128 | K103: =BAU_Fuel_cons!T27*_xlfn.XLOOKUP($B103,efs!$A$74:$A$84,efs!$C$74:$C$84,0,0) -> 16.862842 | L103: =BAU_Fuel_cons!U27*_xlfn.XLOOKUP($B103,efs!$A$74:$A$84,efs!$C$74:$C$84,0,0) -> 18.993568 | ... AJ103: =BAU_Fuel_cons!AS27*_xlfn.XLOOKUP($B103,efs!$A$74:$A$84,efs!$C$74:$C$84,0,0) -> 120.57799
... A110: urban | B110: other | C110: BAU | D110: ktons | E110: =BAU_Fuel_cons!N34*_xlfn.XLOOKUP($B110,efs!$A$74:$A$84,efs!$C$74:$C$84,0,0) -> 0 | F110: =BAU_Fuel_cons!O34*_xlfn.XLOOKUP($B110,efs!$A$74:$A$84,efs!$C$74:$C$84,0,0) -> 0 | G110: =BAU_Fuel_cons!P34*_xlfn.XLOOKUP($B110,efs!$A$74:$A$84,efs!$C$74:$C$84,0,0) -> 0 | H110: =BAU_Fuel_cons!Q34*_xlfn.XLOOKUP($B110,efs!$A$74:$A$84,efs!$C$74:$C$84,0,0) -> 0 | I110: =BAU_Fuel_cons!R34*_xlfn.XLOOKUP($B110,efs!$A$74:$A$84,efs!$C$74:$C$84,0,0) -> 0 | J110: =BAU_Fuel_cons!S34*_xlfn.XLOOKUP($B110,efs!$A$74:$A$84,efs!$C$74:$C$84,0,0) -> 0 | K110: =BAU_Fuel_cons!T34*_xlfn.XLOOKUP($B110,efs!$A$74:$A$84,efs!$C$74:$C$84,0,0) -> 0 | L110: =BAU_Fuel_cons!U34*_xlfn.XLOOKUP($B110,efs!$A$74:$A$84,efs!$C$74:$C$84,0,0) -> 0 | ... AJ110: =BAU_Fuel_cons!AS34*_xlfn.XLOOKUP($B110,efs!$A$74:$A$84,efs!$C$74:$C$84,0,0) -> 0
D111: overall | E111: =SUM(E78:E88) -> 5013.3994 | F111: =SUM(F78:F88) -> 5248.0507 | G111: =SUM(G78:G88) -> 5490.9198 | H111: =SUM(H78:H88) -> 5742.1333 | I111: =SUM(I78:I88) -> 6001.8265 | J111: =SUM(J78:J88) -> 6270.1493 | K111: =SUM(K78:K88) -> 6547.5942 | L111: =SUM(L78:L88) -> 6832.9717 | ... AJ111: =SUM(AJ78:AJ88) -> 15646.82
D112: rural | E112: =SUM(E89:E99) -> 2629.5139 | F112: =SUM(F89:F99) -> 2727.6983 | G112: =SUM(G89:G99) -> 2827.8534 | H112: =SUM(H89:H99) -> 2929.9499 | I112: =SUM(I89:I99) -> 3034.0231 | J112: =SUM(J89:J99) -> 3140.1484 | K112: =SUM(K89:K99) -> 3270.5748 | L112: =SUM(L89:L99) -> 3404.0255 | ... AJ112: =SUM(AJ89:AJ99) -> 7063.3645
D113: urban | E113: =SUM(E100:E110) -> 2383.8855 | F113: =SUM(F100:F110) -> 2520.3524 | G113: =SUM(G100:G110) -> 2663.0664 | H113: =SUM(H100:H110) -> 2812.1834 | I113: =SUM(I100:I110) -> 2967.8034 | J113: =SUM(J100:J110) -> 3130.001 | K113: =SUM(K100:K110) -> 3277.0195 | L113: =SUM(L100:L110) -> 3428.9462 | ... AJ113: =SUM(AJ100:AJ110) -> 8583.4555

Sheet BAU_for_CSV
A1: iso3 | B1: country | C1: region | D1: area | E1: fuel | F1: year | G1: fuel_tons1 | H1: fuel_tons2 | I1: fuel_tons3 | K1: Includes corrections of previous error in charcoal demand | P1: Residential fuel mass in Mton (GWh for elec) | AF1: Plots for presentation
A2: MWI | B2: Malawi | C2: ssa | D2: Urban | E2: fuelwood | F2: 2010 | G2: =10^6*IF($E2="charcoal",params!$P$13*INDEX(BAU_Fuel_cons!$E$2:$AS$34,MATCH(D2&"_"&E2,BAU_Fuel_cons!$AT$2:$AT$34,0),MATCH(F2,BAU_Fuel_cons!$E$1:$AS$1,0)),INDEX(BAU_Fuel_cons!$E$2:$AS$34,MATCH(D2&"_"&E2,BAU_Fuel_cons!$AT$2:$AT$34,0),MATCH(F2,BAU_Fuel_cons!$E$1:$AS$1,0))) -> 1181067.4 | H2: =G2+10^6*IF($E2="charcoal",params!$P$13*SUMIFS(nonresidential!$L:$L,nonresidential!$A:$A,$F2,nonresidential!$B:$B,$E2,nonresidential!$C:$C,$D2),SUMIFS(nonresidential!$L:$L,nonresidential!$A:$A,$F2,nonresidential!$B:$B,$E2,nonresidential!$C:$C,$D2)) -> 1383673.7 | I2: =1 -> 1 | K2: fuel_tons1 | L2: residential only - pulls directly from "BAU_fuel_cons" | P2: * | Q2: 2010 | R2: 2015 | S2: 2020 | T2: 2025 | U2: 2030 | V2: 2035 | W2: 2040 | X2: 2045 | Y2: 2050 | AG2: 2010 | AH2: 2015 | AI2: 2020 | AJ2: 2025 | AK2: 2030 | AL2: 2035 | AM2: 2040 | AN2: 2045 | AO2: 2050
A3: MWI | B3: Malawi | C3: ssa | D3: Urban | E3: fuelwood | F3: 2011 | G3: =10^6*IF($E3="charcoal",params!$P$13*INDEX(BAU_Fuel_cons!$E$2:$AS$34,MATCH(D3&"_"&E3,BAU_Fuel_cons!$AT$2:$AT$34,0),MATCH(F3,BAU_Fuel_cons!$E$1:$AS$1,0)),INDEX(BAU_Fuel_cons!$E$2:$AS$34,MATCH(D3&"_"&E3,BAU_Fuel_cons!$AT$2:$AT$34,0),MATCH(F3,BAU_Fuel_cons!$E$1:$AS$1,0))) -> 1201469.7 | H3: =G3+10^6*IF($E3="charcoal",params!$P$13*SUMIFS(nonresidential!$L:$L,nonresidential!$A:$A,$F3,nonresidential!$B:$B,$E3,nonresidential!$C:$C,$D3),SUMIFS(nonresidential!$L:$L,nonresidential!$A:$A,$F3,nonresidential!$B:$B,$E3,nonresidential!$C:$C,$D3)) -> 1410043.6 | I3: =1 -> 1 | K3: fuel_tons2 | L3: adds non-residential demand to fuel_tons1 | P3: fuelwood | Q3: =SUMIFS($G:$G,$A:$A,"MWI",$D:$D,$P$2,$E:$E,$P3,$F:$F,Q$2)/10^6 -> 8.1533542 | R3: =SUMIFS($G:$G,$A:$A,"MWI",$D:$D,$P$2,$E:$E,$P3,$F:$F,R$2)/10^6 -> 8.7952043 | S3: =SUMIFS($G:$G,$A:$A,"MWI",$D:$D,$P$2,$E:$E,$P3,$F:$F,S$2)/10^6 -> 9.3353151 | T3: =SUMIFS($G:$G,$A:$A,"MWI",$D:$D,$P$2,$E:$E,$P3,$F:$F,T$2)/10^6 -> 9.621631 | U3: =SUMIFS($G:$G,$A:$A,"MWI",$D:$D,$P$2,$E:$E,$P3,$F:$F,U$2)/10^6 -> 9.3061476 | V3: =SUMIFS($G:$G,$A:$A,"MWI",$D:$D,$P$2,$E:$E,$P3,$F:$F,V$2)/10^6 -> 8.6114657 | W3: =SUMIFS($G:$G,$A:$A,"MWI",$D:$D,$P$2,$E:$E,$P3,$F:$F,W$2)/10^6 -> 7.5299275 | X3: =SUMIFS($G:$G,$A:$A,"MWI",$D:$D,$P$2,$E:$E,$P3,$F:$F,X$2)/10^6 -> 6.0535559 | Y3: =SUMIFS($G:$G,$A:$A,"MWI",$D:$D,$P$2,$E:$E,$P3,$F:$F,Y$2)/10^6 -> 4.1799752 | AF3: Residential wood | AG3: =Q3 -> 8.1533542 | AH3: =R3 -> 8.7952043 | AI3: =S3 -> 9.3353151 | AJ3: =T3 -> 9.621631 | AK3: =U3 -> 9.3061476 | AL3: =V3 -> 8.6114657 | AM3: =W3 -> 7.5299275 | AN3: =X3 -> 6.0535559 | AO3: =Y3 -> 4.1799752
A4: MWI | B4: Malawi | C4: ssa | D4: Urban | E4: fuelwood | F4: 2012 | G4: =10^6*IF($E4="charcoal",params!$P$13*INDEX(BAU_Fuel_cons!$E$2:$AS$34,MATCH(D4&"_"&E4,BAU_Fuel_cons!$AT$2:$AT$34,0),MATCH(F4,BAU_Fuel_cons!$E$1:$AS$1,0)),INDEX(BAU_Fuel_cons!$E$2:$AS$34,MATCH(D4&"_"&E4,BAU_Fuel_cons!$AT$2:$AT$34,0),MATCH(F4,BAU_Fuel_cons!$E$1:$AS$1,0))) -> 1220421.1 | H4: =G4+10^6*IF($E4="charcoal",params!$P$13*SUMIFS(nonresidential!$L:$L,nonresidential!$A:$A,$F4,nonresidential!$B:$B,$E4,nonresidential!$C:$C,$D4),SUMIFS(nonresidential!$L:$L,nonresidential!$A:$A,$F4,nonresidential!$B:$B,$E4,nonresidential!$C:$C,$D4)) -> 1434951.2 | I4: =1 -> 1 | K4: fuel_tons3 | L4: Near-zero demand to allow regeneration | P4: Charcoal | Q4: =SUMIFS($G:$G,$A:$A,"MWI",$D:$D,$P$2,$E:$E,$P4,$F:$F,Q$2)/10^6 -> 4.0771692 | R4: =SUMIFS($G:$G,$A:$A,"MWI",$D:$D,$P$2,$E:$E,$P4,$F:$F,R$2)/10^6 -> 6.6590938 | S4: =SUMIFS($G:$G,$A:$A,"MWI",$D:$D,$P$2,$E:$E,$P4,$F:$F,S$2)/10^6 -> 10.013533 | T4: =SUMIFS($G:$G,$A:$A,"MWI",$D:$D,$P$2,$E:$E,$P4,$F:$F,T$2)/10^6 -> 14.326376 | U4: =SUMIFS($G:$G,$A:$A,"MWI",$D:$D,$P$2,$E:$E,$P4,$F:$F,U$2)/10^6 -> 19.900135 | V4: =SUMIFS($G:$G,$A:$A,"MWI",$D:$D,$P$2,$E:$E,$P4,$F:$F,V$2)/10^6 -> 26.376232 | W4: =SUMIFS($G:$G,$A:$A,"MWI",$D:$D,$P$2,$E:$E,$P4,$F:$F,W$2)/10^6 -> 33.766173 | X4: =SUMIFS($G:$G,$A:$A,"MWI",$D:$D,$P$2,$E:$E,$P4,$F:$F,X$2)/10^6 -> 42.054526 | Y4: =SUMIFS($G:$G,$A:$A,"MWI",$D:$D,$P$2,$E:$E,$P4,$F:$F,Y$2)/10^6 -> 51.160654 | AF4: Residential charcoal (wood-eq) | AG4: =Q4 -> 4.0771692 | AH4: =R4 -> 6.6590938 | AI4: =S4 -> 10.013533 | AJ4: =T4 -> 14.326376 | AK4: =U4 -> 19.900135 | AL4: =V4 -> 26.376232 | AM4: =W4 -> 33.766173 | AN4: =X4 -> 42.054526 | AO4: =Y4 -> 51.160654
A5: MWI | B5: Malawi | C5: ssa | D5: Urban | E5: fuelwood | F5: 2013 | G5: =10^6*IF($E5="charcoal",params!$P$13*INDEX(BAU_Fuel_cons!$E$2:$AS$34,MATCH(D5&"_"&E5,BAU_Fuel_cons!$AT$2:$AT$34,0),MATCH(F5,BAU_Fuel_cons!$E$1:$AS$1,0)),INDEX(BAU_Fuel_cons!$E$2:$AS$34,MATCH(D5&"_"&E5,BAU_Fuel_cons!$AT$2:$AT$34,0),MATCH(F5,BAU_Fuel_cons!$E$1:$AS$1,0))) -> 1237853.1 | H5: =G5+10^6*IF($E5="charcoal",params!$P$13*SUMIFS(nonresidential!$L:$L,nonresidential!$A:$A,$F5,nonresidential!$B:$B,$E5,nonresidential!$C:$C,$D5),SUMIFS(nonresidential!$L:$L,nonresidential!$A:$A,$F5,nonresidential!$B:$B,$E5,nonresidential!$C:$C,$D5)) -> 1458329.8 | I5: =1 -> 1 | P5: Imp_fuelwood | Q5: =SUMIFS($G:$G,$A:$A,"MWI",$D:$D,$P$2,$E:$E,$P5,$F:$F,Q$2)/10^6 -> 0 | R5: =SUMIFS($G:$G,$A:$A,"MWI",$D:$D,$P$2,$E:$E,$P5,$F:$F,R$2)/10^6 -> 0.0071725358 | S5: =SUMIFS($G:$G,$A:$A,"MWI",$D:$D,$P$2,$E:$E,$P5,$F:$F,S$2)/10^6 -> 0.039614533 | T5: =SUMIFS($G:$G,$A:$A,"MWI",$D:$D,$P$2,$E:$E,$P5,$F:$F,T$2)/10^6 -> 0.08633902 | U5: =SUMIFS($G:$G,$A:$A,"MWI",$D:$D,$P$2,$E:$E,$P5,$F:$F,U$2)/10^6 -> 0.14806354 | V5: =SUMIFS($G:$G,$A:$A,"MWI",$D:$D,$P$2,$E:$E,$P5,$F:$F,V$2)/10^6 -> 0.22903838 | W5: =SUMIFS($G:$G,$A:$A,"MWI",$D:$D,$P$2,$E:$E,$P5,$F:$F,W$2)/10^6 -> 0.33223753 | X5: =SUMIFS($G:$G,$A:$A,"MWI",$D:$D,$P$2,$E:$E,$P5,$F:$F,X$2)/10^6 -> 0.46078763 | Y5: =SUMIFS($G:$G,$A:$A,"MWI",$D:$D,$P$2,$E:$E,$P5,$F:$F,Y$2)/10^6 -> 0.61736838 | AF5: Non-residential wood | AG5: =Q17 -> 1.704045 | AH5: =R17 -> 1.8810424 | AI5: =S17 -> 2.0652137 | AJ5: =T17 -> 2.2423886 | AK5: =U17 -> 2.3837435 | AL5: =V17 -> 2.4987804 | AM5: =W17 -> 2.5863409 | AN5: =X17 -> 2.6442451 | AO5: =Y17 -> 2.6688976
A6: MWI | B6: Malawi | C6: ssa | D6: Urban | E6: fuelwood | F6: 2014 | G6: =10^6*IF($E6="charcoal",params!$P$13*INDEX(BAU_Fuel_cons!$E$2:$AS$34,MATCH(D6&"_"&E6,BAU_Fuel_cons!$AT$2:$AT$34,0),MATCH(F6,BAU_Fuel_cons!$E$1:$AS$1,0)),INDEX(BAU_Fuel_cons!$E$2:$AS$34,MATCH(D6&"_"&E6,BAU_Fuel_cons!$AT$2:$AT$34,0),MATCH(F6,BAU_Fuel_cons!$E$1:$AS$1,0))) -> 1253712.6 | H6: =G6+10^6*IF($E6="charcoal",params!$P$13*SUMIFS(nonresidential!$L:$L,nonresidential!$A:$A,$F6,nonresidential!$B:$B,$E6,nonresidential!$C:$C,$D6),SUMIFS(nonresidential!$L:$L,nonresidential!$A:$A,$F6,nonresidential!$B:$B,$E6,nonresidential!$C:$C,$D6)) -> 1480131.8 | I6: =1 -> 1 | P6: Imp_charcoal | Q6: =SUMIFS($G:$G,$A:$A,"MWI",$D:$D,$P$2,$E:$E,$P6,$F:$F,Q$2)/10^6 -> 0 | R6: =SUMIFS($G:$G,$A:$A,"MWI",$D:$D,$P$2,$E:$E,$P6,$F:$F,R$2)/10^6 -> 0.00079694842 | S6: =SUMIFS($G:$G,$A:$A,"MWI",$D:$D,$P$2,$E:$E,$P6,$F:$F,S$2)/10^6 -> 0.0044016148 | T6: =SUMIFS($G:$G,$A:$A,"MWI",$D:$D,$P$2,$E:$E,$P6,$F:$F,T$2)/10^6 -> 0.0095932244 | U6: =SUMIFS($G:$G,$A:$A,"MWI",$D:$D,$P$2,$E:$E,$P6,$F:$F,U$2)/10^6 -> 0.016451505 | V6: =SUMIFS($G:$G,$A:$A,"MWI",$D:$D,$P$2,$E:$E,$P6,$F:$F,V$2)/10^6 -> 0.025448709 | W6: =SUMIFS($G:$G,$A:$A,"MWI",$D:$D,$P$2,$E:$E,$P6,$F:$F,W$2)/10^6 -> 0.036915281 | X6: =SUMIFS($G:$G,$A:$A,"MWI",$D:$D,$P$2,$E:$E,$P6,$F:$F,X$2)/10^6 -> 0.051198626 | Y6: =SUMIFS($G:$G,$A:$A,"MWI",$D:$D,$P$2,$E:$E,$P6,$F:$F,Y$2)/10^6 -> 0.068596487 | AF6: Non-residential charcoal (wood-eq) | AG6: =Q18 -> 0.42549573 | AH6: =R18 -> 0.67280908 | AI6: =S18 -> 0.99470847 | AJ6: =T18 -> 1.4060309 | AK6: =U18 -> 1.9225391 | AL6: =V18 -> 2.5230192 | AM6: =W18 -> 3.2098037 | AN6: =X18 -> 3.9829812 | AO6: =Y18 -> 4.8367041
